-- MySQL dump 10.13  Distrib 8.0.13, for Win64 (x86_64)
--
-- Host: apartmentapp.cy1qlg0arf5u.us-west-2.rds.amazonaws.com    Database: apartment
-- ------------------------------------------------------
-- Server version	5.7.23-log

/*!40101 SET @OLD_CHARACTER_SET_CLIENT=@@CHARACTER_SET_CLIENT */;
/*!40101 SET @OLD_CHARACTER_SET_RESULTS=@@CHARACTER_SET_RESULTS */;
/*!40101 SET @OLD_COLLATION_CONNECTION=@@COLLATION_CONNECTION */;
 SET NAMES utf8 ;
/*!40103 SET @OLD_TIME_ZONE=@@TIME_ZONE */;
/*!40103 SET TIME_ZONE='+00:00' */;
/*!40014 SET @OLD_UNIQUE_CHECKS=@@UNIQUE_CHECKS, UNIQUE_CHECKS=0 */;
/*!40014 SET @OLD_FOREIGN_KEY_CHECKS=@@FOREIGN_KEY_CHECKS, FOREIGN_KEY_CHECKS=0 */;
/*!40101 SET @OLD_SQL_MODE=@@SQL_MODE, SQL_MODE='NO_AUTO_VALUE_ON_ZERO' */;
/*!40111 SET @OLD_SQL_NOTES=@@SQL_NOTES, SQL_NOTES=0 */;
SET @MYSQLDUMP_TEMP_LOG_BIN = @@SESSION.SQL_LOG_BIN;
SET @@SESSION.SQL_LOG_BIN= 0;

--
-- GTID state at the beginning of the backup 
--

SET @@GLOBAL.GTID_PURGED=/*!80000 '+'*/ '';

--
-- Table structure for table `amenities`
--

DROP TABLE IF EXISTS `amenities`;
/*!40101 SET @saved_cs_client     = @@character_set_client */;
 SET character_set_client = utf8mb4 ;
CREATE TABLE `amenities` (
  `id` int(10) unsigned NOT NULL AUTO_INCREMENT,
  `root_id` int(10) unsigned DEFAULT NULL,
  `fields` varchar(255) COLLATE utf8mb4_unicode_ci NOT NULL,
  `logo` varchar(255) COLLATE utf8mb4_unicode_ci NOT NULL,
  `created_at` timestamp NOT NULL DEFAULT CURRENT_TIMESTAMP ON UPDATE CURRENT_TIMESTAMP,
  `updated_at` timestamp NOT NULL DEFAULT '0000-00-00 00:00:00',
  PRIMARY KEY (`id`)
) ENGINE=InnoDB AUTO_INCREMENT=48 DEFAULT CHARSET=utf8mb4 COLLATE=utf8mb4_unicode_ci;
/*!40101 SET character_set_client = @saved_cs_client */;

--
-- Dumping data for table `amenities`
--

LOCK TABLES `amenities` WRITE;
/*!40000 ALTER TABLE `amenities` DISABLE KEYS */;
INSERT INTO `amenities` VALUES (1,NULL,'Amenities','','2018-10-04 15:07:31','0000-00-00 00:00:00'),(2,NULL,'Unit features','','2018-10-26 11:40:02','0000-00-00 00:00:00'),(3,NULL,'Pets','','2018-10-04 15:07:31','0000-00-00 00:00:00'),(14,3,'No pets allowed','','2018-10-05 05:03:57','0000-00-00 00:00:00'),(15,3,'Cats ok','','2018-10-05 05:03:57','0000-00-00 00:00:00'),(16,3,'Small dog allowed','','2018-10-05 05:03:57','0000-00-00 00:00:00'),(17,3,'Large dog allowed','MH5SEYRDPOZRRthlQGtFqbxNCHUMxCB2ZKn1MO98DiuxURK4ANKnrsS4aP5I.png','2018-10-22 08:00:36','2018-10-22 13:00:36'),(30,2,'Washer/Dryer','zOIFrscOFZ16sp8PUq3giuwcq2xeemr6y3Z0h5PhgtEDo4gSCtTzs6Hi4Pi8.png','2018-10-26 12:12:43','2018-10-26 17:12:43'),(31,2,'Air Conditioning','FD2IAhWKPx9Hv7ICs3pX95sm71flK2ogD2xXhGnJSZRqYW7IiVRcu3cmPZ5g.png','2018-10-26 16:59:49','2018-10-26 16:59:49'),(32,2,'Microwave','7Bdm1GPmx4d9UdFWE421RzB53kQ9EhDTWlDNI3L7FJYQB9sUBp58L1xKfInL.png','2018-10-26 17:01:03','2018-10-26 17:01:03'),(33,2,'Dishwasher','203XhDZQYEr6GtxzleQpttAP6EZ8Sni1Fx5uaRJl3J7lSgaI1ypnQi6XjR0y.png','2018-10-26 17:01:22','2018-10-26 17:01:22'),(34,2,'Fireplace','bBooBHlwILjREGGfB9xiGYMjIzqiGxXhdTbnOxMtOfBsSZE4PJ9NPWMDkq7G.png','2018-10-26 17:01:52','2018-10-26 17:01:52'),(35,2,'Outdoor space/Balcony/Patio/Deck','cvtVhlWn6Gk9yvKkU8gszcavxXiUQrNg7ZWTiS8LOE2xaXoWNDS28fOS3aYc.png','2018-10-26 17:02:11','2018-10-26 17:02:11'),(36,2,'Hardwood floors','ebkZQFPeFR17ej8k486X9xQWLoXJHzdeGAX3EY05ZAXkOFhu8jE9SHx1CgNz.png','2018-10-26 17:02:31','2018-10-26 17:02:31'),(37,2,'Utilities included','Fi9nSaaokc9mTQ3nKpHii3peDk9zxrQtQhFV9dv0PZfm2E5mwpBbVbPtiv3t.png','2018-10-26 17:02:45','2018-10-26 17:02:45'),(38,2,'Cable','4g1ZS9Kf9jMgtGuPe9pDJzBPG7SPlExhfrgCEdxRVmBnnudcAyadcExE6tqs.png','2018-10-26 17:03:39','2018-10-26 17:03:39'),(39,2,'Storage','EMV0uNaO9niNV6lBwIXoFyGukolDiORMX2OE4uSZUahJaubbxVjX1UwX4mHK.png','2018-10-26 17:03:55','2018-10-26 17:03:55'),(40,1,'Parking/Garage','G4GSsWCQt11Zwhuv65OmClRfxVU1iYtf55aDzwK6kiSkS3cesxwwVRazgmlD.png','2018-10-26 17:05:24','2018-10-26 17:05:24'),(41,1,'Gym/fitness center','fhMPToZCVa4W9LOi6nRaODiGwdi85kCIACET6gFrp7tgzQ64PIgbeVAHD4My.png','2018-10-26 17:06:07','2018-10-26 17:06:07'),(42,1,'Pool/Hot tub','frJ8Iz43wVLh3p7dHSLDgfboYZqnwyu4Ni506tH8EAC9nAGCV9TgrLrhTa8q.png','2018-10-26 17:07:09','2018-10-26 17:07:09'),(43,1,'Doorman','3auiSWZGGJO7L9pAefYf4nLlSYI544OhpVo2auXDYx86Rdw9CreO5IwdvhJN.png','2018-10-26 17:07:41','2018-10-26 17:07:41'),(44,1,'Elevator','3yaiTybN9fgFEKga8sv9CcHMOcBg4x3df50hEvvaYaxlF8Fhmxh12TlPiTPi.png','2018-10-26 17:08:00','2018-10-26 17:08:00'),(45,1,'Laundry room','MRm5SQUlVf5ZqXWnre4X6igbe59JMfF7Ld5VhF7ZQlLlVpoIsKsfB4ccCAls.png','2018-10-26 17:08:31','2018-10-26 17:08:31');
/*!40000 ALTER TABLE `amenities` ENABLE KEYS */;
UNLOCK TABLES;

--
-- Table structure for table `block_counts`
--

DROP TABLE IF EXISTS `block_counts`;
/*!40101 SET @saved_cs_client     = @@character_set_client */;
 SET character_set_client = utf8mb4 ;
CREATE TABLE `block_counts` (
  `id` int(10) unsigned NOT NULL AUTO_INCREMENT,
  `user_id` int(10) unsigned NOT NULL,
  `property_id` int(10) unsigned NOT NULL,
  `from_datetime` datetime DEFAULT NULL,
  `to_datetime` datetime DEFAULT NULL,
  `created_at` timestamp NOT NULL DEFAULT CURRENT_TIMESTAMP ON UPDATE CURRENT_TIMESTAMP,
  `updated_at` timestamp NOT NULL DEFAULT '0000-00-00 00:00:00',
  PRIMARY KEY (`id`)
) ENGINE=InnoDB DEFAULT CHARSET=utf8mb4 COLLATE=utf8mb4_unicode_ci;
/*!40101 SET character_set_client = @saved_cs_client */;

--
-- Dumping data for table `block_counts`
--

LOCK TABLES `block_counts` WRITE;
/*!40000 ALTER TABLE `block_counts` DISABLE KEYS */;
/*!40000 ALTER TABLE `block_counts` ENABLE KEYS */;
UNLOCK TABLES;

--
-- Table structure for table `chats`
--

DROP TABLE IF EXISTS `chats`;
/*!40101 SET @saved_cs_client     = @@character_set_client */;
 SET character_set_client = utf8mb4 ;
CREATE TABLE `chats` (
  `id` int(11) NOT NULL AUTO_INCREMENT,
  `manager` int(11) NOT NULL,
  `user_device` varchar(255) NOT NULL,
  `apartment` int(11) NOT NULL,
  `status` enum('Y','N') NOT NULL,
  `created_at` timestamp NOT NULL DEFAULT CURRENT_TIMESTAMP,
  `updated_at` timestamp NOT NULL DEFAULT CURRENT_TIMESTAMP,
  PRIMARY KEY (`id`)
) ENGINE=InnoDB AUTO_INCREMENT=17 DEFAULT CHARSET=latin1;
/*!40101 SET character_set_client = @saved_cs_client */;

--
-- Dumping data for table `chats`
--

LOCK TABLES `chats` WRITE;
/*!40000 ALTER TABLE `chats` DISABLE KEYS */;
INSERT INTO `chats` VALUES (1,40,'3380bbbe6867961d',4,'Y','2018-12-21 12:24:59','2018-12-21 12:24:59'),(2,40,'172eef0acfb3b4e8',4,'Y','2018-12-21 12:45:38','2018-12-21 12:44:34'),(3,5,'40',3,'Y','2018-12-21 12:40:34','2018-12-21 12:40:34'),(4,48,'172eef0acfb3b4e8',5,'Y','2018-12-21 12:56:12','2018-12-21 12:55:03'),(5,48,'40',5,'Y','2018-12-21 13:07:48','2018-12-21 13:05:03'),(6,5,'eadeb5467322a209',3,'Y','2018-12-28 01:43:00','2018-12-28 01:43:00'),(7,38,'81',6,'Y','2019-01-04 06:45:33','2019-01-04 06:45:38'),(8,47,'4193cf205d9c7454',22,'Y','2019-03-11 21:32:41','2019-01-09 12:10:57'),(9,47,'eadeb5467322a209',32,'Y','2019-01-14 22:25:03','2019-01-14 22:25:09'),(10,2,'c577a84d970c0066',1,'Y','2019-04-17 08:57:29','2019-01-26 16:14:23'),(11,40,'c577a84d970c0066',9,'Y','2019-01-26 16:17:40','2019-01-26 16:17:46'),(12,47,'2',34,'Y','2019-01-27 03:09:53','2019-01-27 03:09:53'),(13,47,'eadeb5467322a209',33,'Y','2019-03-11 21:34:38','2019-03-11 21:35:22'),(14,47,'eadeb5467322a209',35,'Y','2019-03-26 00:06:35','2019-03-12 22:12:00'),(15,2,'001e43bba852d6f6',2,'Y','2019-04-17 08:57:47','2019-04-17 08:57:47'),(16,47,'fe25eef53b52b523',23,'Y','2019-07-31 18:45:07','2019-07-31 18:45:07');
/*!40000 ALTER TABLE `chats` ENABLE KEYS */;
UNLOCK TABLES;

--
-- Table structure for table `contacts`
--

DROP TABLE IF EXISTS `contacts`;
/*!40101 SET @saved_cs_client     = @@character_set_client */;
 SET character_set_client = utf8mb4 ;
CREATE TABLE `contacts` (
  `id` int(11) NOT NULL AUTO_INCREMENT,
  `user_id` int(11) NOT NULL,
  `name` varchar(255) COLLATE utf8_unicode_ci NOT NULL,
  `email` varchar(255) COLLATE utf8_unicode_ci NOT NULL,
  `phone` bigint(20) DEFAULT NULL,
  `status` enum('1','2','3') COLLATE utf8_unicode_ci NOT NULL,
  `created_at` timestamp NOT NULL DEFAULT CURRENT_TIMESTAMP ON UPDATE CURRENT_TIMESTAMP,
  `updated_at` timestamp NOT NULL DEFAULT '0000-00-00 00:00:00',
  PRIMARY KEY (`id`)
) ENGINE=MyISAM AUTO_INCREMENT=13 DEFAULT CHARSET=utf8 COLLATE=utf8_unicode_ci;
/*!40101 SET character_set_client = @saved_cs_client */;

--
-- Dumping data for table `contacts`
--

LOCK TABLES `contacts` WRITE;
/*!40000 ALTER TABLE `contacts` DISABLE KEYS */;
INSERT INTO `contacts` VALUES (1,2,'Soumen Adhikari','soumen@technoexponent.com',7895412630,'1','2018-11-19 12:55:29','2018-11-19 18:55:29'),(3,2,'Pabitra Mandal','pabitra@technoexponent.com',7841259630,'1','2018-11-19 19:03:51','2018-11-19 19:03:51'),(5,2,'Subhamay Paul','subhamay@technoexponent.com',7841259630,'2','2018-11-20 13:54:23','2018-11-20 19:54:23'),(6,46,'Ron','ron@yopmail.com',7481925603,'1','2018-11-20 18:19:52','2018-11-20 18:19:52'),(7,46,'Subhamay Paul','subhamay@technoexponent.com',7412589630,'1','2018-11-20 18:27:37','2018-11-20 18:27:37'),(8,46,'Pabitra Mandal','pabitra@technoexponent.com',7812963540,'1','2018-11-20 18:50:36','2018-11-20 18:50:36'),(9,46,'Debdyuti Das','debdyuti@technoexponent.com',8741952630,'1','2018-11-20 18:53:35','2018-11-20 18:53:35'),(10,2,'Debdyuti Das','debdyuti@technoexponent.com',7894561203,'1','2018-11-20 19:13:43','2018-11-20 19:13:43'),(11,40,'Sabyasachi Saha','technoexponent02@gmail.com',6321230125,'1','2018-11-20 20:49:47','2018-11-20 20:49:47'),(12,2,'Arjun Ray','arjn@yopmail.com',7418295630,'1','2018-12-07 06:42:36','2018-12-07 06:42:36');
/*!40000 ALTER TABLE `contacts` ENABLE KEYS */;
UNLOCK TABLES;

--
-- Table structure for table `countries`
--

DROP TABLE IF EXISTS `countries`;
/*!40101 SET @saved_cs_client     = @@character_set_client */;
 SET character_set_client = utf8mb4 ;
CREATE TABLE `countries` (
  `id` int(11) NOT NULL,
  `ISO` varchar(2) COLLATE utf8mb4_unicode_ci DEFAULT '',
  `cap_name` varchar(100) COLLATE utf8mb4_unicode_ci DEFAULT '',
  `name` varchar(100) COLLATE utf8mb4_unicode_ci DEFAULT NULL,
  `ISO3` char(3) COLLATE utf8mb4_unicode_ci DEFAULT NULL,
  `numCode` smallint(6) DEFAULT NULL,
  `phoneCode` smallint(6) DEFAULT NULL,
  `created_at` timestamp NOT NULL DEFAULT CURRENT_TIMESTAMP,
  `updated_at` timestamp NOT NULL DEFAULT '0000-00-00 00:00:00'
) ENGINE=InnoDB DEFAULT CHARSET=utf8mb4 COLLATE=utf8mb4_unicode_ci ROW_FORMAT=COMPACT;
/*!40101 SET character_set_client = @saved_cs_client */;

--
-- Dumping data for table `countries`
--

LOCK TABLES `countries` WRITE;
/*!40000 ALTER TABLE `countries` DISABLE KEYS */;
INSERT INTO `countries` VALUES (1,'AF','AFGHANISTAN','Afghanistan','AFG',4,93,'2017-11-11 05:37:14','0000-00-00 00:00:00'),(2,'AL','ALBANIA','Albania','ALB',8,355,'2017-11-11 05:37:14','0000-00-00 00:00:00'),(3,'DZ','ALGERIA','Algeria','DZA',12,213,'2017-11-11 05:37:14','0000-00-00 00:00:00'),(4,'AS','AMERICAN SAMOA','American Samoa','ASM',16,1684,'2017-11-11 05:37:14','0000-00-00 00:00:00'),(5,'AD','ANDORRA','Andorra','AND',20,376,'2017-11-11 05:37:14','0000-00-00 00:00:00'),(6,'AO','ANGOLA','Angola','AGO',24,244,'2017-11-11 05:37:14','0000-00-00 00:00:00'),(7,'AI','ANGUILLA','Anguilla','AIA',660,1264,'2017-11-11 05:37:14','0000-00-00 00:00:00'),(8,'AQ','ANTARCTICA','Antarctica',NULL,NULL,0,'2017-11-11 05:37:14','0000-00-00 00:00:00'),(9,'AG','ANTIGUA AND BARBUDA','Antigua and Barbuda','ATG',28,1268,'2017-11-11 05:37:14','0000-00-00 00:00:00'),(10,'AR','ARGENTINA','Argentina','ARG',32,54,'2017-11-11 05:37:14','0000-00-00 00:00:00'),(11,'AM','ARMENIA','Armenia','ARM',51,374,'2017-11-11 05:37:14','0000-00-00 00:00:00'),(12,'AW','ARUBA','Aruba','ABW',533,297,'2017-11-11 05:37:14','0000-00-00 00:00:00'),(13,'AU','AUSTRALIA','Australia','AUS',36,61,'2017-11-11 05:37:14','0000-00-00 00:00:00'),(14,'AT','AUSTRIA','Austria','AUT',40,43,'2017-11-11 05:37:14','0000-00-00 00:00:00'),(15,'AZ','AZERBAIJAN','Azerbaijan','AZE',31,994,'2017-11-11 05:37:14','0000-00-00 00:00:00'),(16,'BS','BAHAMAS','Bahamas','BHS',44,1242,'2017-11-11 05:37:14','0000-00-00 00:00:00'),(17,'BH','BAHRAIN','Bahrain','BHR',48,973,'2017-11-11 05:37:14','0000-00-00 00:00:00'),(18,'BD','BANGLADESH','Bangladesh','BGD',50,880,'2017-11-11 05:37:14','0000-00-00 00:00:00'),(19,'BB','BARBADOS','Barbados','BRB',52,1246,'2017-11-11 05:37:14','0000-00-00 00:00:00'),(20,'BY','BELARUS','Belarus','BLR',112,375,'2017-11-11 05:37:14','0000-00-00 00:00:00'),(21,'BE','BELGIUM','Belgium','BEL',56,32,'2017-11-11 05:37:14','0000-00-00 00:00:00'),(22,'BZ','BELIZE','Belize','BLZ',84,501,'2017-11-11 05:37:14','0000-00-00 00:00:00'),(23,'BJ','BENIN','Benin','BEN',204,229,'2017-11-11 05:37:14','0000-00-00 00:00:00'),(24,'BM','BERMUDA','Bermuda','BMU',60,1441,'2017-11-11 05:37:14','0000-00-00 00:00:00'),(25,'BT','BHUTAN','Bhutan','BTN',64,975,'2017-11-11 05:37:14','0000-00-00 00:00:00'),(26,'BO','BOLIVIA','Bolivia','BOL',68,591,'2017-11-11 05:37:14','0000-00-00 00:00:00'),(27,'BA','BOSNIA AND HERZEGOVINA','Bosnia and Herzegovina','BIH',70,387,'2017-11-11 05:37:14','0000-00-00 00:00:00'),(28,'BW','BOTSWANA','Botswana','BWA',72,267,'2017-11-11 05:37:14','0000-00-00 00:00:00'),(29,'BV','BOUVET ISLAND','Bouvet Island',NULL,NULL,0,'2017-11-11 05:37:14','0000-00-00 00:00:00'),(30,'BR','BRAZIL','Brazil','BRA',76,55,'2017-11-11 05:37:14','0000-00-00 00:00:00'),(31,'IO','BRITISH INDIAN OCEAN TERRITORY','British Indian Ocean Territory',NULL,NULL,246,'2017-11-11 05:37:14','0000-00-00 00:00:00'),(32,'BN','BRUNEI DARUSSALAM','Brunei Darussalam','BRN',96,673,'2017-11-11 05:37:14','0000-00-00 00:00:00'),(33,'BG','BULGARIA','Bulgaria','BGR',100,359,'2017-11-11 05:37:14','0000-00-00 00:00:00'),(34,'BF','BURKINA FASO','Burkina Faso','BFA',854,226,'2017-11-11 05:37:14','0000-00-00 00:00:00'),(35,'BI','BURUNDI','Burundi','BDI',108,257,'2017-11-11 05:37:14','0000-00-00 00:00:00'),(36,'KH','CAMBODIA','Cambodia','KHM',116,855,'2017-11-11 05:37:14','0000-00-00 00:00:00'),(37,'CM','CAMEROON','Cameroon','CMR',120,237,'2017-11-11 05:37:14','0000-00-00 00:00:00'),(38,'CA','CANADA','Canada','CAN',124,1,'2017-11-11 05:37:14','0000-00-00 00:00:00'),(39,'CV','CAPE VERDE','Cape Verde','CPV',132,238,'2017-11-11 05:37:14','0000-00-00 00:00:00'),(40,'KY','CAYMAN ISLANDS','Cayman Islands','CYM',136,1345,'2017-11-11 05:37:14','0000-00-00 00:00:00'),(41,'CF','CENTRAL AFRICAN REPUBLIC','Central African Republic','CAF',140,236,'2017-11-11 05:37:14','0000-00-00 00:00:00'),(42,'TD','CHAD','Chad','TCD',148,235,'2017-11-11 05:37:14','0000-00-00 00:00:00'),(43,'CL','CHILE','Chile','CHL',152,56,'2017-11-11 05:37:14','0000-00-00 00:00:00'),(44,'CN','CHINA','China','CHN',156,86,'2017-11-11 05:37:14','0000-00-00 00:00:00'),(45,'CX','CHRISTMAS ISLAND','Christmas Island',NULL,NULL,61,'2017-11-11 05:37:14','0000-00-00 00:00:00'),(46,'CC','COCOS (KEELING) ISLANDS','Cocos (Keeling) Islands',NULL,NULL,672,'2017-11-11 05:37:14','0000-00-00 00:00:00'),(47,'CO','COLOMBIA','Colombia','COL',170,57,'2017-11-11 05:37:14','0000-00-00 00:00:00'),(48,'KM','COMOROS','Comoros','COM',174,269,'2017-11-11 05:37:14','0000-00-00 00:00:00'),(49,'CG','CONGO','Congo','COG',178,242,'2017-11-11 05:37:14','0000-00-00 00:00:00'),(50,'CD','CONGO, THE DEMOCRATIC REPUBLIC OF THE','Congo, the Democratic Republic of the','COD',180,242,'2017-11-11 05:37:14','0000-00-00 00:00:00'),(51,'CK','COOK ISLANDS','Cook Islands','COK',184,682,'2017-11-11 05:37:14','0000-00-00 00:00:00'),(52,'CR','COSTA RICA','Costa Rica','CRI',188,506,'2017-11-11 05:37:14','0000-00-00 00:00:00'),(53,'CI','COTE D\'IVOIRE','Cote D\'Ivoire','CIV',384,225,'2017-11-11 05:37:14','0000-00-00 00:00:00'),(54,'HR','CROATIA','Croatia','HRV',191,385,'2017-11-11 05:37:14','0000-00-00 00:00:00'),(55,'CU','CUBA','Cuba','CUB',192,53,'2017-11-11 05:37:14','0000-00-00 00:00:00'),(56,'CY','CYPRUS','Cyprus','CYP',196,357,'2017-11-11 05:37:14','0000-00-00 00:00:00'),(57,'CZ','CZECH REPUBLIC','Czech Republic','CZE',203,420,'2017-11-11 05:37:14','0000-00-00 00:00:00'),(58,'DK','DENMARK','Denmark','DNK',208,45,'2017-11-11 05:37:14','0000-00-00 00:00:00'),(59,'DJ','DJIBOUTI','Djibouti','DJI',262,253,'2017-11-11 05:37:14','0000-00-00 00:00:00'),(60,'DM','DOMINICA','Dominica','DMA',212,1767,'2017-11-11 05:37:14','0000-00-00 00:00:00'),(61,'DO','DOMINICAN REPUBLIC','Dominican Republic','DOM',214,1809,'2017-11-11 05:37:14','0000-00-00 00:00:00'),(62,'EC','ECUADOR','Ecuador','ECU',218,593,'2017-11-11 05:37:14','0000-00-00 00:00:00'),(63,'EG','EGYPT','Egypt','EGY',818,20,'2017-11-11 05:37:14','0000-00-00 00:00:00'),(64,'SV','EL SALVADOR','El Salvador','SLV',222,503,'2017-11-11 05:37:14','0000-00-00 00:00:00'),(65,'GQ','EQUATORIAL GUINEA','Equatorial Guinea','GNQ',226,240,'2017-11-11 05:37:14','0000-00-00 00:00:00'),(66,'ER','ERITREA','Eritrea','ERI',232,291,'2017-11-11 05:37:14','0000-00-00 00:00:00'),(67,'EE','ESTONIA','Estonia','EST',233,372,'2017-11-11 05:37:14','0000-00-00 00:00:00'),(68,'ET','ETHIOPIA','Ethiopia','ETH',231,251,'2017-11-11 05:37:14','0000-00-00 00:00:00'),(69,'FK','FALKLAND ISLANDS (MALVINAS)','Falkland Islands (Malvinas)','FLK',238,500,'2017-11-11 05:37:14','0000-00-00 00:00:00'),(70,'FO','FAROE ISLANDS','Faroe Islands','FRO',234,298,'2017-11-11 05:37:14','0000-00-00 00:00:00'),(71,'FJ','FIJI','Fiji','FJI',242,679,'2017-11-11 05:37:14','0000-00-00 00:00:00'),(72,'FI','FINLAND','Finland','FIN',246,358,'2017-11-11 05:37:14','0000-00-00 00:00:00'),(73,'FR','FRANCE','France','FRA',250,33,'2017-11-11 05:37:14','0000-00-00 00:00:00'),(74,'GF','FRENCH GUIANA','French Guiana','GUF',254,594,'2017-11-11 05:37:14','0000-00-00 00:00:00'),(75,'PF','FRENCH POLYNESIA','French Polynesia','PYF',258,689,'2017-11-11 05:37:14','0000-00-00 00:00:00'),(76,'TF','FRENCH SOUTHERN TERRITORIES','French Southern Territories',NULL,NULL,0,'2017-11-11 05:37:14','0000-00-00 00:00:00'),(77,'GA','GABON','Gabon','GAB',266,241,'2017-11-11 05:37:14','0000-00-00 00:00:00'),(78,'GM','GAMBIA','Gambia','GMB',270,220,'2017-11-11 05:37:14','0000-00-00 00:00:00'),(79,'GE','GEORGIA','Georgia','GEO',268,995,'2017-11-11 05:37:14','0000-00-00 00:00:00'),(80,'DE','GERMANY','Germany','DEU',276,49,'2017-11-11 05:37:14','0000-00-00 00:00:00'),(81,'GH','GHANA','Ghana','GHA',288,233,'2017-11-11 05:37:14','0000-00-00 00:00:00'),(82,'GI','GIBRALTAR','Gibraltar','GIB',292,350,'2017-11-11 05:37:14','0000-00-00 00:00:00'),(83,'GR','GREECE','Greece','GRC',300,30,'2017-11-11 05:37:14','0000-00-00 00:00:00'),(84,'GL','GREENLAND','Greenland','GRL',304,299,'2017-11-11 05:37:14','0000-00-00 00:00:00'),(85,'GD','GRENADA','Grenada','GRD',308,1473,'2017-11-11 05:37:14','0000-00-00 00:00:00'),(86,'GP','GUADELOUPE','Guadeloupe','GLP',312,590,'2017-11-11 05:37:14','0000-00-00 00:00:00'),(87,'GU','GUAM','Guam','GUM',316,1671,'2017-11-11 05:37:14','0000-00-00 00:00:00'),(88,'GT','GUATEMALA','Guatemala','GTM',320,502,'2017-11-11 05:37:14','0000-00-00 00:00:00'),(89,'GN','GUINEA','Guinea','GIN',324,224,'2017-11-11 05:37:14','0000-00-00 00:00:00'),(90,'GW','GUINEA-BISSAU','Guinea-Bissau','GNB',624,245,'2017-11-11 05:37:14','0000-00-00 00:00:00'),(91,'GY','GUYANA','Guyana','GUY',328,592,'2017-11-11 05:37:14','0000-00-00 00:00:00'),(92,'HT','HAITI','Haiti','HTI',332,509,'2017-11-11 05:37:14','0000-00-00 00:00:00'),(93,'HM','HEARD ISLAND AND MCDONALD ISLANDS','Heard Island and Mcdonald Islands',NULL,NULL,0,'2017-11-11 05:37:14','0000-00-00 00:00:00'),(94,'VA','HOLY SEE (VATICAN CITY STATE)','Holy See (Vatican City State)','VAT',336,39,'2017-11-11 05:37:14','0000-00-00 00:00:00'),(95,'HN','HONDURAS','Honduras','HND',340,504,'2017-11-11 05:37:14','0000-00-00 00:00:00'),(96,'HK','HONG KONG','Hong Kong','HKG',344,852,'2017-11-11 05:37:14','0000-00-00 00:00:00'),(97,'HU','HUNGARY','Hungary','HUN',348,36,'2017-11-11 05:37:14','0000-00-00 00:00:00'),(98,'IS','ICELAND','Iceland','ISL',352,354,'2017-11-11 05:37:14','0000-00-00 00:00:00'),(99,'IN','INDIA','India','IND',356,91,'2017-11-11 05:37:14','0000-00-00 00:00:00'),(100,'ID','INDONESIA','Indonesia','IDN',360,62,'2017-11-11 05:37:14','0000-00-00 00:00:00'),(101,'IR','IRAN, ISLAMIC REPUBLIC OF','Iran, Islamic Republic of','IRN',364,98,'2017-11-11 05:37:14','0000-00-00 00:00:00'),(102,'IQ','IRAQ','Iraq','IRQ',368,964,'2017-11-11 05:37:14','0000-00-00 00:00:00'),(103,'IE','IRELAND','Ireland','IRL',372,353,'2017-11-11 05:37:14','0000-00-00 00:00:00'),(104,'IL','ISRAEL','Israel','ISR',376,972,'2017-11-11 05:37:14','0000-00-00 00:00:00'),(105,'IT','ITALY','Italy','ITA',380,39,'2017-11-11 05:37:14','0000-00-00 00:00:00'),(106,'JM','JAMAICA','Jamaica','JAM',388,1876,'2017-11-11 05:37:14','0000-00-00 00:00:00'),(107,'JP','JAPAN','Japan','JPN',392,81,'2017-11-11 05:37:14','0000-00-00 00:00:00'),(108,'JO','JORDAN','Jordan','JOR',400,962,'2017-11-11 05:37:14','0000-00-00 00:00:00'),(109,'KZ','KAZAKHSTAN','Kazakhstan','KAZ',398,7,'2017-11-11 05:37:14','0000-00-00 00:00:00'),(110,'KE','KENYA','Kenya','KEN',404,254,'2017-11-11 05:37:14','0000-00-00 00:00:00'),(111,'KI','KIRIBATI','Kiribati','KIR',296,686,'2017-11-11 05:37:14','0000-00-00 00:00:00'),(112,'KP','KOREA, DEMOCRATIC PEOPLE\'S REPUBLIC OF','Korea, Democratic People\'s Republic of','PRK',408,850,'2017-11-11 05:37:14','0000-00-00 00:00:00'),(113,'KR','KOREA, REPUBLIC OF','Korea, Republic of','KOR',410,82,'2017-11-11 05:37:14','0000-00-00 00:00:00'),(114,'KW','KUWAIT','Kuwait','KWT',414,965,'2017-11-11 05:37:14','0000-00-00 00:00:00'),(115,'KG','KYRGYZSTAN','Kyrgyzstan','KGZ',417,996,'2017-11-11 05:37:14','0000-00-00 00:00:00'),(116,'LA','LAO PEOPLE\'S DEMOCRATIC REPUBLIC','Lao People\'s Democratic Republic','LAO',418,856,'2017-11-11 05:37:14','0000-00-00 00:00:00'),(117,'LV','LATVIA','Latvia','LVA',428,371,'2017-11-11 05:37:14','0000-00-00 00:00:00'),(118,'LB','LEBANON','Lebanon','LBN',422,961,'2017-11-11 05:37:14','0000-00-00 00:00:00'),(119,'LS','LESOTHO','Lesotho','LSO',426,266,'2017-11-11 05:37:14','0000-00-00 00:00:00'),(120,'LR','LIBERIA','Liberia','LBR',430,231,'2017-11-11 05:37:14','0000-00-00 00:00:00'),(121,'LY','LIBYAN ARAB JAMAHIRIYA','Libyan Arab Jamahiriya','LBY',434,218,'2017-11-11 05:37:14','0000-00-00 00:00:00'),(122,'LI','LIECHTENSTEIN','Liechtenstein','LIE',438,423,'2017-11-11 05:37:14','0000-00-00 00:00:00'),(123,'LT','LITHUANIA','Lithuania','LTU',440,370,'2017-11-11 05:37:14','0000-00-00 00:00:00'),(124,'LU','LUXEMBOURG','Luxembourg','LUX',442,352,'2017-11-11 05:37:14','0000-00-00 00:00:00'),(125,'MO','MACAO','Macao','MAC',446,853,'2017-11-11 05:37:14','0000-00-00 00:00:00'),(126,'MK','MACEDONIA, THE FORMER YUGOSLAV REPUBLIC OF','Macedonia, the Former Yugoslav Republic of','MKD',807,389,'2017-11-11 05:37:14','0000-00-00 00:00:00'),(127,'MG','MADAGASCAR','Madagascar','MDG',450,261,'2017-11-11 05:37:14','0000-00-00 00:00:00'),(128,'MW','MALAWI','Malawi','MWI',454,265,'2017-11-11 05:37:14','0000-00-00 00:00:00'),(129,'MY','MALAYSIA','Malaysia','MYS',458,60,'2017-11-11 05:37:14','0000-00-00 00:00:00'),(130,'MV','MALDIVES','Maldives','MDV',462,960,'2017-11-11 05:37:14','0000-00-00 00:00:00'),(131,'ML','MALI','Mali','MLI',466,223,'2017-11-11 05:37:14','0000-00-00 00:00:00'),(132,'MT','MALTA','Malta','MLT',470,356,'2017-11-11 05:37:14','0000-00-00 00:00:00'),(133,'MH','MARSHALL ISLANDS','Marshall Islands','MHL',584,692,'2017-11-11 05:37:14','0000-00-00 00:00:00'),(134,'MQ','MARTINIQUE','Martinique','MTQ',474,596,'2017-11-11 05:37:14','0000-00-00 00:00:00'),(135,'MR','MAURITANIA','Mauritania','MRT',478,222,'2017-11-11 05:37:14','0000-00-00 00:00:00'),(136,'MU','MAURITIUS','Mauritius','MUS',480,230,'2017-11-11 05:37:14','0000-00-00 00:00:00'),(137,'YT','MAYOTTE','Mayotte',NULL,NULL,269,'2017-11-11 05:37:14','0000-00-00 00:00:00'),(138,'MX','MEXICO','Mexico','MEX',484,52,'2017-11-11 05:37:14','0000-00-00 00:00:00'),(139,'FM','MICRONESIA, FEDERATED STATES OF','Micronesia, Federated States of','FSM',583,691,'2017-11-11 05:37:14','0000-00-00 00:00:00'),(140,'MD','MOLDOVA, REPUBLIC OF','Moldova, Republic of','MDA',498,373,'2017-11-11 05:37:14','0000-00-00 00:00:00'),(141,'MC','MONACO','Monaco','MCO',492,377,'2017-11-11 05:37:14','0000-00-00 00:00:00'),(142,'MN','MONGOLIA','Mongolia','MNG',496,976,'2017-11-11 05:37:14','0000-00-00 00:00:00'),(143,'MS','MONTSERRAT','Montserrat','MSR',500,1664,'2017-11-11 05:37:14','0000-00-00 00:00:00'),(144,'MA','MOROCCO','Morocco','MAR',504,212,'2017-11-11 05:37:14','0000-00-00 00:00:00'),(145,'MZ','MOZAMBIQUE','Mozambique','MOZ',508,258,'2017-11-11 05:37:14','0000-00-00 00:00:00'),(146,'MM','MYANMAR','Myanmar','MMR',104,95,'2017-11-11 05:37:14','0000-00-00 00:00:00'),(147,'NA','NAMIBIA','Namibia','NAM',516,264,'2017-11-11 05:37:14','0000-00-00 00:00:00'),(148,'NR','NAURU','Nauru','NRU',520,674,'2017-11-11 05:37:14','0000-00-00 00:00:00'),(149,'NP','NEPAL','Nepal','NPL',524,977,'2017-11-11 05:37:14','0000-00-00 00:00:00'),(150,'NL','NETHERLANDS','Netherlands','NLD',528,31,'2017-11-11 05:37:14','0000-00-00 00:00:00'),(151,'AN','NETHERLANDS ANTILLES','Netherlands Antilles','ANT',530,599,'2017-11-11 05:37:14','0000-00-00 00:00:00'),(152,'NC','NEW CALEDONIA','New Caledonia','NCL',540,687,'2017-11-11 05:37:14','0000-00-00 00:00:00'),(153,'NZ','NEW ZEALAND','New Zealand','NZL',554,64,'2017-11-11 05:37:14','0000-00-00 00:00:00'),(154,'NI','NICARAGUA','Nicaragua','NIC',558,505,'2017-11-11 05:37:14','0000-00-00 00:00:00'),(155,'NE','NIGER','Niger','NER',562,227,'2017-11-11 05:37:14','0000-00-00 00:00:00'),(156,'NG','NIGERIA','Nigeria','NGA',566,234,'2017-11-11 05:37:14','0000-00-00 00:00:00'),(157,'NU','NIUE','Niue','NIU',570,683,'2017-11-11 05:37:14','0000-00-00 00:00:00'),(158,'NF','NORFOLK ISLAND','Norfolk Island','NFK',574,672,'2017-11-11 05:37:14','0000-00-00 00:00:00'),(159,'MP','NORTHERN MARIANA ISLANDS','Northern Mariana Islands','MNP',580,1670,'2017-11-11 05:37:14','0000-00-00 00:00:00'),(160,'NO','NORWAY','Norway','NOR',578,47,'2017-11-11 05:37:14','0000-00-00 00:00:00'),(161,'OM','OMAN','Oman','OMN',512,968,'2017-11-11 05:37:14','0000-00-00 00:00:00'),(162,'PK','PAKISTAN','Pakistan','PAK',586,92,'2017-11-11 05:37:14','0000-00-00 00:00:00'),(163,'PW','PALAU','Palau','PLW',585,680,'2017-11-11 05:37:14','0000-00-00 00:00:00'),(164,'PS','PALESTINIAN TERRITORY, OCCUPIED','Palestinian Territory, Occupied',NULL,NULL,970,'2017-11-11 05:37:14','0000-00-00 00:00:00'),(165,'PA','PANAMA','Panama','PAN',591,507,'2017-11-11 05:37:14','0000-00-00 00:00:00'),(166,'PG','PAPUA NEW GUINEA','Papua New Guinea','PNG',598,675,'2017-11-11 05:37:14','0000-00-00 00:00:00'),(167,'PY','PARAGUAY','Paraguay','PRY',600,595,'2017-11-11 05:37:14','0000-00-00 00:00:00'),(168,'PE','PERU','Peru','PER',604,51,'2017-11-11 05:37:14','0000-00-00 00:00:00'),(169,'PH','PHILIPPINES','Philippines','PHL',608,63,'2017-11-11 05:37:14','0000-00-00 00:00:00'),(170,'PN','PITCAIRN','Pitcairn','PCN',612,0,'2017-11-11 05:37:14','0000-00-00 00:00:00'),(171,'PL','POLAND','Poland','POL',616,48,'2017-11-11 05:37:14','0000-00-00 00:00:00'),(172,'PT','PORTUGAL','Portugal','PRT',620,351,'2017-11-11 05:37:14','0000-00-00 00:00:00'),(173,'PR','PUERTO RICO','Puerto Rico','PRI',630,1787,'2017-11-11 05:37:14','0000-00-00 00:00:00'),(174,'QA','QATAR','Qatar','QAT',634,974,'2017-11-11 05:37:14','0000-00-00 00:00:00'),(175,'RE','REUNION','Reunion','REU',638,262,'2017-11-11 05:37:14','0000-00-00 00:00:00'),(176,'RO','ROMANIA','Romania','ROM',642,40,'2017-11-11 05:37:14','0000-00-00 00:00:00'),(177,'RU','RUSSIAN FEDERATION','Russian Federation','RUS',643,70,'2017-11-11 05:37:14','0000-00-00 00:00:00'),(178,'RW','RWANDA','Rwanda','RWA',646,250,'2017-11-11 05:37:14','0000-00-00 00:00:00'),(179,'SH','SAINT HELENA','Saint Helena','SHN',654,290,'2017-11-11 05:37:14','0000-00-00 00:00:00'),(180,'KN','SAINT KITTS AND NEVIS','Saint Kitts and Nevis','KNA',659,1869,'2017-11-11 05:37:14','0000-00-00 00:00:00'),(181,'LC','SAINT LUCIA','Saint Lucia','LCA',662,1758,'2017-11-11 05:37:14','0000-00-00 00:00:00'),(182,'PM','SAINT PIERRE AND MIQUELON','Saint Pierre and Miquelon','SPM',666,508,'2017-11-11 05:37:14','0000-00-00 00:00:00'),(183,'VC','SAINT VINCENT AND THE GRENADINES','Saint Vincent and the Grenadines','VCT',670,1784,'2017-11-11 05:37:14','0000-00-00 00:00:00'),(184,'WS','SAMOA','Samoa','WSM',882,684,'2017-11-11 05:37:14','0000-00-00 00:00:00'),(185,'SM','SAN MARINO','San Marino','SMR',674,378,'2017-11-11 05:37:14','0000-00-00 00:00:00'),(186,'ST','SAO TOME AND PRINCIPE','Sao Tome and Principe','STP',678,239,'2017-11-11 05:37:14','0000-00-00 00:00:00'),(187,'SA','SAUDI ARABIA','Saudi Arabia','SAU',682,966,'2017-11-11 05:37:14','0000-00-00 00:00:00'),(188,'SN','SENEGAL','Senegal','SEN',686,221,'2017-11-11 05:37:14','0000-00-00 00:00:00'),(189,'CS','SERBIA AND MONTENEGRO','Serbia and Montenegro',NULL,NULL,381,'2017-11-11 05:37:14','0000-00-00 00:00:00'),(190,'SC','SEYCHELLES','Seychelles','SYC',690,248,'2017-11-11 05:37:14','0000-00-00 00:00:00'),(191,'SL','SIERRA LEONE','Sierra Leone','SLE',694,232,'2017-11-11 05:37:14','0000-00-00 00:00:00'),(192,'SG','SINGAPORE','Singapore','SGP',702,65,'2017-11-11 05:37:14','0000-00-00 00:00:00'),(193,'SK','SLOVAKIA','Slovakia','SVK',703,421,'2017-11-11 05:37:14','0000-00-00 00:00:00'),(194,'SI','SLOVENIA','Slovenia','SVN',705,386,'2017-11-11 05:37:14','0000-00-00 00:00:00'),(195,'SB','SOLOMON ISLANDS','Solomon Islands','SLB',90,677,'2017-11-11 05:37:14','0000-00-00 00:00:00'),(196,'SO','SOMALIA','Somalia','SOM',706,252,'2017-11-11 05:37:14','0000-00-00 00:00:00'),(197,'ZA','SOUTH AFRICA','South Africa','ZAF',710,27,'2017-11-11 05:37:14','0000-00-00 00:00:00'),(198,'GS','SOUTH GEORGIA AND THE SOUTH SANDWICH ISLANDS','South Georgia and the South Sandwich Islands',NULL,NULL,0,'2017-11-11 05:37:14','0000-00-00 00:00:00'),(199,'ES','SPAIN','Spain','ESP',724,34,'2017-11-11 05:37:14','0000-00-00 00:00:00'),(200,'LK','SRI LANKA','Sri Lanka','LKA',144,94,'2017-11-11 05:37:14','0000-00-00 00:00:00'),(201,'SD','SUDAN','Sudan','SDN',736,249,'2017-11-11 05:37:14','0000-00-00 00:00:00'),(202,'SR','SURINAME','Suriname','SUR',740,597,'2017-11-11 05:37:14','0000-00-00 00:00:00'),(203,'SJ','SVALBARD AND JAN MAYEN','Svalbard and Jan Mayen','SJM',744,47,'2017-11-11 05:37:14','0000-00-00 00:00:00'),(204,'SZ','SWAZILAND','Swaziland','SWZ',748,268,'2017-11-11 05:37:14','0000-00-00 00:00:00'),(205,'SE','SWEDEN','Sweden','SWE',752,46,'2017-11-11 05:37:14','0000-00-00 00:00:00'),(206,'CH','SWITZERLAND','Switzerland','CHE',756,41,'2017-11-11 05:37:14','0000-00-00 00:00:00'),(207,'SY','SYRIAN ARAB REPUBLIC','Syrian Arab Republic','SYR',760,963,'2017-11-11 05:37:14','0000-00-00 00:00:00'),(208,'TW','TAIWAN, PROVINCE OF CHINA','Taiwan, Province of China','TWN',158,886,'2017-11-11 05:37:14','0000-00-00 00:00:00'),(209,'TJ','TAJIKISTAN','Tajikistan','TJK',762,992,'2017-11-11 05:37:14','0000-00-00 00:00:00'),(210,'TZ','TANZANIA, UNITED REPUBLIC OF','Tanzania, United Republic of','TZA',834,255,'2017-11-11 05:37:14','0000-00-00 00:00:00'),(211,'TH','THAILAND','Thailand','THA',764,66,'2017-11-11 05:37:14','0000-00-00 00:00:00'),(212,'TL','TIMOR-LESTE','Timor-Leste',NULL,NULL,670,'2017-11-11 05:37:14','0000-00-00 00:00:00'),(213,'TG','TOGO','Togo','TGO',768,228,'2017-11-11 05:37:14','0000-00-00 00:00:00'),(214,'TK','TOKELAU','Tokelau','TKL',772,690,'2017-11-11 05:37:14','0000-00-00 00:00:00'),(215,'TO','TONGA','Tonga','TON',776,676,'2017-11-11 05:37:14','0000-00-00 00:00:00'),(216,'TT','TRINIDAD AND TOBAGO','Trinidad and Tobago','TTO',780,1868,'2017-11-11 05:37:14','0000-00-00 00:00:00'),(217,'TN','TUNISIA','Tunisia','TUN',788,216,'2017-11-11 05:37:14','0000-00-00 00:00:00'),(218,'TR','TURKEY','Turkey','TUR',792,90,'2017-11-11 05:37:14','0000-00-00 00:00:00'),(219,'TM','TURKMENISTAN','Turkmenistan','TKM',795,7370,'2017-11-11 05:37:14','0000-00-00 00:00:00'),(220,'TC','TURKS AND CAICOS ISLANDS','Turks and Caicos Islands','TCA',796,1649,'2017-11-11 05:37:14','0000-00-00 00:00:00'),(221,'TV','TUVALU','Tuvalu','TUV',798,688,'2017-11-11 05:37:14','0000-00-00 00:00:00'),(222,'UG','UGANDA','Uganda','UGA',800,256,'2017-11-11 05:37:14','0000-00-00 00:00:00'),(223,'UA','UKRAINE','Ukraine','UKR',804,380,'2017-11-11 05:37:14','0000-00-00 00:00:00'),(224,'AE','UNITED ARAB EMIRATES','United Arab Emirates','ARE',784,971,'2017-11-11 05:37:14','0000-00-00 00:00:00'),(225,'GB','UNITED KINGDOM','United Kingdom','GBR',826,44,'2017-11-11 05:37:14','0000-00-00 00:00:00'),(226,'US','UNITED STATES','United States','USA',840,1,'2017-11-11 05:37:14','0000-00-00 00:00:00'),(227,'UM','UNITED STATES MINOR OUTLYING ISLANDS','United States Minor Outlying Islands',NULL,NULL,1,'2017-11-11 05:37:14','0000-00-00 00:00:00'),(228,'UY','URUGUAY','Uruguay','URY',858,598,'2017-11-11 05:37:14','0000-00-00 00:00:00'),(229,'UZ','UZBEKISTAN','Uzbekistan','UZB',860,998,'2017-11-11 05:37:14','0000-00-00 00:00:00'),(230,'VU','VANUATU','Vanuatu','VUT',548,678,'2017-11-11 05:37:14','0000-00-00 00:00:00'),(231,'VE','VENEZUELA','Venezuela','VEN',862,58,'2017-11-11 05:37:14','0000-00-00 00:00:00'),(232,'VN','VIET NAM','Viet Nam','VNM',704,84,'2017-11-11 05:37:14','0000-00-00 00:00:00'),(233,'VG','VIRGIN ISLANDS, BRITISH','Virgin Islands, British','VGB',92,1284,'2017-11-11 05:37:14','0000-00-00 00:00:00'),(234,'VI','VIRGIN ISLANDS, U.S.','Virgin Islands, U.s.','VIR',850,1340,'2017-11-11 05:37:14','0000-00-00 00:00:00'),(235,'WF','WALLIS AND FUTUNA','Wallis and Futuna','WLF',876,681,'2017-11-11 05:37:14','0000-00-00 00:00:00'),(236,'EH','WESTERN SAHARA','Western Sahara','ESH',732,212,'2017-11-11 05:37:14','0000-00-00 00:00:00'),(237,'YE','YEMEN','Yemen','YEM',887,967,'2017-11-11 05:37:14','0000-00-00 00:00:00'),(238,'ZM','ZAMBIA','Zambia','ZMB',894,260,'2017-11-11 05:37:14','0000-00-00 00:00:00'),(239,'ZW','ZIMBABWE','Zimbabwe','ZWE',716,263,'2017-11-11 05:37:14','0000-00-00 00:00:00'),(240,'RS','SERBIA','Serbia','SRB',688,381,'2017-11-11 05:37:14','0000-00-00 00:00:00'),(241,'AP','ASIA PACIFIC REGION','Asia / Pacific Region','0',0,0,'2017-11-11 05:37:14','0000-00-00 00:00:00'),(242,'ME','MONTENEGRO','Montenegro','MNE',499,382,'2017-11-11 05:37:14','0000-00-00 00:00:00'),(243,'AX','ALAND ISLANDS','Aland Islands','ALA',248,358,'2017-11-11 05:37:14','0000-00-00 00:00:00'),(244,'BQ','BONAIRE, SINT EUSTATIUS AND SABA','Bonaire, Sint Eustatius and Saba','BES',535,599,'2017-11-11 05:37:14','0000-00-00 00:00:00'),(245,'CW','CURACAO','Curacao','CUW',531,599,'2017-11-11 05:37:14','0000-00-00 00:00:00'),(246,'GG','GUERNSEY','Guernsey','GGY',831,44,'2017-11-11 05:37:14','0000-00-00 00:00:00'),(247,'IM','ISLE OF MAN','Isle of Man','IMN',833,44,'2017-11-11 05:37:14','0000-00-00 00:00:00'),(248,'JE','JERSEY','Jersey','JEY',832,44,'2017-11-11 05:37:14','0000-00-00 00:00:00'),(249,'XK','KOSOVO','Kosovo','---',0,381,'2017-11-11 05:37:14','0000-00-00 00:00:00'),(250,'BL','SAINT BARTHELEMY','Saint Barthelemy','BLM',652,590,'2017-11-11 05:37:14','0000-00-00 00:00:00'),(251,'MF','SAINT MARTIN','Saint Martin','MAF',663,590,'2017-11-11 05:37:14','0000-00-00 00:00:00'),(252,'SX','SINT MAARTEN','Sint Maarten','SXM',534,1,'2017-11-11 05:37:14','0000-00-00 00:00:00'),(253,'SS','SOUTH SUDAN','South Sudan','SSD',728,211,'2017-11-11 05:37:14','0000-00-00 00:00:00');
/*!40000 ALTER TABLE `countries` ENABLE KEYS */;
UNLOCK TABLES;

--
-- Table structure for table `email_template`
--

DROP TABLE IF EXISTS `email_template`;
/*!40101 SET @saved_cs_client     = @@character_set_client */;
 SET character_set_client = utf8mb4 ;
CREATE TABLE `email_template` (
  `id` int(11) NOT NULL AUTO_INCREMENT,
  `user_id` int(11) NOT NULL,
  `emailTitle` varchar(255) CHARACTER SET utf8 NOT NULL,
  `description` text CHARACTER SET utf8 NOT NULL,
  `type` varchar(255) CHARACTER SET utf8 NOT NULL,
  `typeid` int(11) NOT NULL DEFAULT '0',
  `languageid` int(11) DEFAULT '0',
  `status` enum('Y','N') NOT NULL,
  `created_at` timestamp NOT NULL DEFAULT CURRENT_TIMESTAMP ON UPDATE CURRENT_TIMESTAMP,
  `updated_at` timestamp NOT NULL DEFAULT '0000-00-00 00:00:00',
  PRIMARY KEY (`id`)
) ENGINE=InnoDB AUTO_INCREMENT=7 DEFAULT CHARSET=latin1;
/*!40101 SET character_set_client = @saved_cs_client */;

--
-- Dumping data for table `email_template`
--

LOCK TABLES `email_template` WRITE;
/*!40000 ALTER TABLE `email_template` DISABLE KEYS */;
INSERT INTO `email_template` VALUES (2,2,'New Apartment','<p>Hi {USER_NAME},</p>\r\n\r\n<p>There are some new apartment near chelsea. Please check.</p>','managermail',0,0,'Y','2018-11-20 13:28:48','2018-11-20 13:28:48'),(3,2,'Get Apartment','<p>Hello&nbsp;{USER_NAME},</p>\r\n\r\n<p>There are some new apartment near chelsea. Please check.</p>','managermail',0,0,'Y','2018-11-20 15:18:01','2018-11-20 15:18:01'),(5,46,'New Apartment','<p>Hi {USER_NAME},</p>\r\n\r\n<p>There are some new apartment in chelsea. Please check.</p>','managermail',0,0,'Y','2018-11-20 18:42:29','2018-11-20 18:42:29'),(6,40,'Hello Email Template','<p>Hello Email Template</p>','managermail',0,0,'Y','2018-11-20 20:48:11','2018-11-20 20:48:11');
/*!40000 ALTER TABLE `email_template` ENABLE KEYS */;
UNLOCK TABLES;

--
-- Table structure for table `favourites`
--

DROP TABLE IF EXISTS `favourites`;
/*!40101 SET @saved_cs_client     = @@character_set_client */;
 SET character_set_client = utf8mb4 ;
CREATE TABLE `favourites` (
  `id` int(11) NOT NULL AUTO_INCREMENT,
  `device_id` varchar(255) NOT NULL,
  `property_id` int(11) NOT NULL,
  `created_at` timestamp NOT NULL DEFAULT CURRENT_TIMESTAMP,
  `updated_at` timestamp NOT NULL DEFAULT CURRENT_TIMESTAMP,
  PRIMARY KEY (`id`)
) ENGINE=InnoDB AUTO_INCREMENT=12 DEFAULT CHARSET=latin1;
/*!40101 SET character_set_client = @saved_cs_client */;

--
-- Dumping data for table `favourites`
--

LOCK TABLES `favourites` WRITE;
/*!40000 ALTER TABLE `favourites` DISABLE KEYS */;
INSERT INTO `favourites` VALUES (1,'3380bbbe6867961d',4,'2018-12-21 12:18:09','2018-12-21 12:18:09'),(2,'172eef0acfb3b4e8',4,'2018-12-21 12:42:17','2018-12-21 12:42:17'),(4,'eadeb5467322a209',3,'2018-12-28 01:54:10','2018-12-28 01:54:10'),(6,'81',18,'2019-01-04 06:44:36','2019-01-04 06:44:36'),(7,'81',6,'2019-01-04 06:45:47','2019-01-04 06:45:47'),(9,'eadeb5467322a209',32,'2019-01-14 22:24:50','2019-01-14 22:24:50'),(10,'eadeb5467322a209',33,'2019-03-11 21:35:48','2019-03-11 21:35:48'),(11,'eadeb5467322a209',35,'2019-03-12 22:11:54','2019-03-12 22:11:54');
/*!40000 ALTER TABLE `favourites` ENABLE KEYS */;
UNLOCK TABLES;

--
-- Table structure for table `fcmtable`
--

DROP TABLE IF EXISTS `fcmtable`;
/*!40101 SET @saved_cs_client     = @@character_set_client */;
 SET character_set_client = utf8mb4 ;
CREATE TABLE `fcmtable` (
  `id` int(11) NOT NULL AUTO_INCREMENT,
  `user` varchar(255) NOT NULL,
  `fcmtoken` varchar(255) NOT NULL,
  `created_at` timestamp NULL DEFAULT NULL,
  `updated_at` timestamp NULL DEFAULT NULL,
  PRIMARY KEY (`id`)
) ENGINE=InnoDB AUTO_INCREMENT=23 DEFAULT CHARSET=latin1;
/*!40101 SET character_set_client = @saved_cs_client */;

--
-- Dumping data for table `fcmtable`
--

LOCK TABLES `fcmtable` WRITE;
/*!40000 ALTER TABLE `fcmtable` DISABLE KEYS */;
INSERT INTO `fcmtable` VALUES (2,'40','d-fwUbheDTs:APA91bFI4mEsnjneqxmO7Y2jRnN5KaXUCLcnc7deiMwLefyN9M_4ODF3ZEV5Yy4pO7F8f_XrF7cZgQvOOVDddKGuemSTCW4vbIH7DZnuhkA2iG2Xu9SXu9HXL2L2qE2ea0Rz0SrvYxCX','2018-12-06 13:17:43','2018-12-21 12:18:54'),(4,'4193cf205d9c7454','eAgidDU4u7k:APA91bEwLenotQfRcQrIhpVyxQS9pJrRnsMu6NzcOm2kax1s8CHKtGmMFx4tKS4gHXTXYW6QUH7aPDOFuxJaj71vlYrMz42cAYIWWq5uJBJDLHowLmJS1B4GBK9v16V1NORkfIQbCKvW','2018-12-06 13:20:11','2018-12-27 11:57:24'),(5,'2','fF1rz855mg8:APA91bFRoH2Dof-xDr32Y-UIMnyjHIeys8Didsm0zZgURWy9T-SS1oeg0LJ-S3UFRhKGigcLf8qtKxs-Q50lar6ug6czg74scy0oWdmUL3Xx0I-3KxeNFf6PHJxQiY4YzRszq-Mu2bLQ','2018-12-06 13:20:30','2019-01-26 16:10:42'),(6,'172eef0acfb3b4e8','fPBeK82kxGM:APA91bGhQ_32SCM3JvHMgJz-zFZRy00Y9uX3iptEEvvNG_Z02aQClTldsH6emyhSBQIeni4DjfMrChQPAby2Knb6XsVFNDavwfaZ7JZnpfMtspOUTVzy1nD-2_vNgAwhiAqiMbg3qpGs','2018-12-06 14:09:18','2019-01-14 05:41:51'),(7,'88cc9e990b63e4a2','dhLW2HZFkJ8:APA91bFdMgXif-Ak_gwynTwg9xNqpSeUg-lo_3KrgN8992ze63sDUd-xID3SP8Q-KplbBzm7L2SosZ_OUUm5w51MHLEr6dpm1v1d60-vj4uqyRjYf0ktN_OB7gwAFwqt6Yq3a9aNvqzh','2018-12-06 14:40:51','2018-12-06 14:40:51'),(8,'d2a26cbe2b53f258','f2bEu2wZZig:APA91bFRPV-feLQ9S-VxQcinsuwsS3deEbixFzF0kJc3BTptUpDmNnnTNtunGcKww2IPJofMB9YjQEF3wCsf4uN2pePzr6ynyyNoG2N4fT8gBRJBQIFrcx-kPL0ORvNbDaybF2kkVKqt','2018-12-06 14:43:17','2018-12-17 10:50:31'),(9,'da5e25939137e31c','d5DmbHp4epM:APA91bEWjnS2AbOJwIJ3BGB8fXfxiNbOnqikNvLj40T_uWvow4kmTdgSNW2FgNClznLmpXm8gmf0KhysOWMEiX-HTd3KXiprD1AwzGcEQPvbOIRoNieUtutfTzv1CqyGVbYkyFftBRjq','2018-12-06 15:20:27','2018-12-18 11:26:02'),(10,'78','cb7qDVE4sos:APA91bGnF5THWbluvs7MNBrwG8lGAqO76pKETWm_30QBWgUSUc7m82RHxOH7POrJ7acVNPBr_r1BrfM3qKG7N_C3hcHia6fvy53jQ9nyZhj7jPMJtl62TyBxbBbEJw-3PYH44oAB29sJ','2018-12-06 15:25:23','2018-12-06 15:25:23'),(11,'a52b8063f1485d96','dAGR1Jzggy4:APA91bHGxgfe0Jg8C-jaw8d9m9g5uhs2tPSMPsczNODEhxLmMlIzHzER-RJDN9SjyUPp3Q2_kcaT3uc4yyHIDr8eE-Rlld1HZbUtBRLA9qL2pUKZV_oWoOgWLuIj3Gf12zyrA-z4DIks','2018-12-10 14:14:39','2018-12-10 14:14:39'),(12,'3380bbbe6867961d','fTk5kNhMS1Y:APA91bF3Geq_-2-gF-rYtQTwHYiESf3yaJrb_uiMGWEO9OU1VO9vA3GmkPzMTCVgxjhioG-u6o89mih99y_3ZqYsm7k-MbtT9Vm5cVJl3LC99uKJN58eZMYfmeLFUUUPWPvyehOQcte0','2018-12-12 15:01:20','2018-12-27 13:28:14'),(13,'f1823829ea370434','f8gIMtsOF3o:APA91bF-xIK6O40AoEENcMe2Q4wpalNaMzGMK2-HJZUpawIMx4URpkOhFaAo2-Rgr96dw2U7fAlXokWbDKN9-8N7CTu5hxYIxF4YKFxIDaqQBD2KkrkxyPiQ3eukE-s_jDdE76c3jgFa','2018-12-17 19:57:07','2018-12-17 19:57:07'),(14,'5bdff99c83bfa9b2','cb7qDVE4sos:APA91bGnF5THWbluvs7MNBrwG8lGAqO76pKETWm_30QBWgUSUc7m82RHxOH7POrJ7acVNPBr_r1BrfM3qKG7N_C3hcHia6fvy53jQ9nyZhj7jPMJtl62TyBxbBbEJw-3PYH44oAB29sJ','2018-12-18 08:11:15','2018-12-18 08:11:15'),(15,'48','fgSPpuflPvc:APA91bEYjDI0TdgPu-p1XNngluxevv0EtSd08BCki-eJo7IbB4C5t3i5TplmXDdrlhhCXSsvEZuINojyYc5-30UrgxEgDIF2TLP9MX-Cu87x_xbEmMa0oMuHTS30uT3ulFCWRoWSr8x5','2018-12-21 12:54:23','2018-12-21 12:54:23'),(16,'eadeb5467322a209','eRNrba4r82g:APA91bHSVdmTMKJO42C8TT7akf7xmvzqg4jf396_qvITCos5C2SI17TOzGF2SzJthf6bnaLfApqMfhVYiTLyZgxJaTmi493O1odxtOSyP9Ua-O1-kPhIZTuy-cwbYVCqhe6z1y5pqA-4','2018-12-28 01:41:06','2019-01-02 01:25:20'),(17,'81','eeVhxF3d4VQ:APA91bF1i5i1YTPJ-1r77mxhr8w0h7hyHSSYdvvGKGtavupTag5nS9hnCEkePJIi38qC_E8OouV3pd8SFYjvOVnataGTyzuDFDnUxrJHp-uqXp9EpWQ3ZbcuJntZZb67lgcUhJNr39Ov','2019-01-03 16:14:35','2019-01-03 16:14:35'),(18,'fe25eef53b52b523','dNqfPra7qp0:APA91bELFKiabQtQUyNZuf5w3h1wKn_cvzYTKlus6rVpycFWsdVNEXcnG-7XQo_0nUYuNdHXfmniwuGYjDSaank4R_WJOP-Gj27x3duAjGFBNUAH-rM-ZPnLl5mpyzqNbqihGjh_ZT5S','2019-01-04 20:30:39','2019-01-04 20:30:39'),(19,'001e43bba852d6f6','fF1rz855mg8:APA91bFRoH2Dof-xDr32Y-UIMnyjHIeys8Didsm0zZgURWy9T-SS1oeg0LJ-S3UFRhKGigcLf8qtKxs-Q50lar6ug6czg74scy0oWdmUL3Xx0I-3KxeNFf6PHJxQiY4YzRszq-Mu2bLQ','2019-01-26 16:09:06','2019-01-26 16:09:06'),(20,'c577a84d970c0066','cCo8AW-gGSM:APA91bE9dK48qShTwvpQFDLDydV__nINOE8f-uptRS8fm84xkWzcCVc7_Qw3EMPEQJ4ye64ndueLve6UE4parjwtGR6mtTj4d96PVj9OErdGOJnMOKBPtiRTps0NKr_12fUIFEVNzcSq','2019-01-26 16:10:52','2019-01-26 16:10:52'),(21,'47','dNqfPra7qp0:APA91bELFKiabQtQUyNZuf5w3h1wKn_cvzYTKlus6rVpycFWsdVNEXcnG-7XQo_0nUYuNdHXfmniwuGYjDSaank4R_WJOP-Gj27x3duAjGFBNUAH-rM-ZPnLl5mpyzqNbqihGjh_ZT5S','2019-03-11 21:31:40','2019-03-11 21:33:21'),(22,'19018e040f0b2e9d','dkkcNvV2eFI:APA91bE-vGabFkEKRk6ctWGuEtYmCwolIA7ytDk0Af-VcW74QiVMd7a3hHo7jz8tNvUI0hdPFRjcwMTQkN0d0u4tZ_z9s9htEgbWEW-6-4YqJdytjB48sDrzF8f_ABrD2JasdD6GFZTf','2019-07-05 19:39:34','2019-07-05 19:39:40');
/*!40000 ALTER TABLE `fcmtable` ENABLE KEYS */;
UNLOCK TABLES;

--
-- Table structure for table `images`
--

DROP TABLE IF EXISTS `images`;
/*!40101 SET @saved_cs_client     = @@character_set_client */;
 SET character_set_client = utf8mb4 ;
CREATE TABLE `images` (
  `id` int(10) unsigned NOT NULL AUTO_INCREMENT,
  `user_id` int(10) unsigned NOT NULL,
  `property_id` int(10) unsigned NOT NULL,
  `image_name` varchar(255) COLLATE utf8mb4_unicode_ci NOT NULL,
  `created_at` timestamp NOT NULL DEFAULT CURRENT_TIMESTAMP ON UPDATE CURRENT_TIMESTAMP,
  `updated_at` timestamp NOT NULL DEFAULT '0000-00-00 00:00:00',
  PRIMARY KEY (`id`)
) ENGINE=InnoDB AUTO_INCREMENT=237 DEFAULT CHARSET=utf8mb4 COLLATE=utf8mb4_unicode_ci;
/*!40101 SET character_set_client = @saved_cs_client */;

--
-- Dumping data for table `images`
--

LOCK TABLES `images` WRITE;
/*!40000 ALTER TABLE `images` DISABLE KEYS */;
INSERT INTO `images` VALUES (1,1,1,'15453720347976717Bxt2mlZES.jpg','2018-12-21 06:00:37','2018-12-21 06:00:37'),(2,1,1,'1545372190886566WjxtTsxNiV.jpg','2018-12-21 06:03:11','2018-12-21 06:03:11'),(3,1,1,'1545372191497941IQrPlZe9yE.jpg','2018-12-21 06:03:14','2018-12-21 06:03:14'),(4,1,1,'1545372194941686qyDAVi8ZJR.jpg','2018-12-21 06:03:15','2018-12-21 06:03:15'),(8,1,2,'1545373750292439L0z2GH9xr9.jpg','2018-12-21 06:29:13','2018-12-21 06:29:13'),(9,1,3,'1545380840528624pL8rsjWyqw.jpg','2018-12-21 08:27:21','2018-12-21 08:27:21'),(10,1,3,'1545380841178152aMcognme0C.jpg','2018-12-21 08:27:21','2018-12-21 08:27:21'),(11,1,3,'15453808411746751MeW4go0b8.jpg','2018-12-21 08:27:21','2018-12-21 08:27:21'),(12,1,4,'1545392074103571tnVSQxP4pt.jpg','2018-12-21 11:34:34','2018-12-21 11:34:34'),(13,1,4,'1545392074121591GUT7Bl2fZx.jpg','2018-12-21 11:34:34','2018-12-21 11:34:34'),(14,1,4,'1545392074487726ZUZpEDG1bg.jpg','2018-12-21 11:34:34','2018-12-21 11:34:34'),(15,1,5,'1545396416954112zwjnLXvqjq.png','2018-12-21 12:46:56','2018-12-21 12:46:56'),(16,1,5,'1545396416587240WBr9MC0qPU.png','2018-12-21 12:46:56','2018-12-21 12:46:56'),(17,1,5,'15453964169681502cb7hBfx3k.jpg','2018-12-21 12:46:56','2018-12-21 12:46:56'),(20,1,6,'1545402943495686daWpiE4Gag.jpg','2018-12-21 14:35:46','2018-12-21 14:35:46'),(24,1,6,'1545404313228251aZkHd5JxYM.jpg','2018-12-21 14:58:33','2018-12-21 14:58:33'),(25,1,6,'1545404313916588TZjTPBIjLq.jpg','2018-12-21 14:58:35','2018-12-21 14:58:35'),(26,1,7,'1546481067721491QEVGRLDg8u.jpg','2019-01-03 02:04:28','2019-01-03 02:04:28'),(27,1,7,'1546481068647235Vo6bPMIL6x.jpg','2019-01-03 02:04:28','2019-01-03 02:04:28'),(28,1,7,'1546481068413143PerCmlISZR.jpg','2019-01-03 02:04:28','2019-01-03 02:04:28'),(29,1,7,'1546481068315753JxjXZ61Ff4.jpg','2019-01-03 02:04:30','2019-01-03 02:04:30'),(30,1,7,'1546481070199816q84oi0Lx7L.jpg','2019-01-03 02:04:30','2019-01-03 02:04:30'),(31,1,7,'1546481070804670wYfmiDPp5v.jpg','2019-01-03 02:04:30','2019-01-03 02:04:30'),(32,1,7,'15464810703268706k9VKmZ8BP.jpg','2019-01-03 02:04:31','2019-01-03 02:04:31'),(33,1,7,'1546481071458206xCh35d1gRO.jpg','2019-01-03 02:04:31','2019-01-03 02:04:31'),(35,1,9,'15464971319378190SfeKtdXog.jpg','2019-01-03 06:32:12','2019-01-03 06:32:12'),(36,1,9,'1546497132108311Lqa0cCiuB4.jpg','2019-01-03 06:32:13','2019-01-03 06:32:13'),(37,1,9,'1546497133410136zEu2IPeZ7g.jpg','2019-01-03 06:32:15','2019-01-03 06:32:15'),(38,1,9,'15464971354927752Fz9FztEAh.jpg','2019-01-03 06:32:16','2019-01-03 06:32:16'),(39,1,9,'1546497136502270OJEP4TjMHB.jpg','2019-01-03 06:32:16','2019-01-03 06:32:16'),(40,1,9,'1546497136921860YNBFjNsKtB.jpg','2019-01-03 06:32:17','2019-01-03 06:32:17'),(41,1,9,'15464971376358692PCYs0wMv9.jpg','2019-01-03 06:32:17','2019-01-03 06:32:17'),(42,1,9,'1546497137444686hBviDEI5ke.jpg','2019-01-03 06:32:17','2019-01-03 06:32:17'),(43,1,10,'1546499520758176Cf8qpTmaAu.jpg','2019-01-03 07:12:01','2019-01-03 07:12:01'),(44,1,10,'1546499521926235BAh3n1zTD4.jpg','2019-01-03 07:12:01','2019-01-03 07:12:01'),(45,1,10,'15464995211389725S1gRpY1Yk.jpg','2019-01-03 07:12:02','2019-01-03 07:12:02'),(46,1,10,'1546499522308432NfmiVS5zd5.jpg','2019-01-03 07:12:02','2019-01-03 07:12:02'),(47,1,10,'15464995222235006Hom9z9Yoe.jpg','2019-01-03 07:12:02','2019-01-03 07:12:02'),(48,1,10,'1546499522360254KHY3HuCpKf.jpg','2019-01-03 07:12:03','2019-01-03 07:12:03'),(49,1,10,'1546499523270419pBPQMlmt8n.jpg','2019-01-03 07:12:03','2019-01-03 07:12:03'),(50,1,10,'1546499523306273HUOYNCY7NT.jpg','2019-01-03 07:12:04','2019-01-03 07:12:04'),(51,1,10,'1546499524419493YGscf2kues.jpg','2019-01-03 07:12:04','2019-01-03 07:12:04'),(52,1,10,'1546499524805142G5ZOke4w2a.jpg','2019-01-03 07:12:04','2019-01-03 07:12:04'),(61,2,12,'1546501553311630IjXQbaaC92.jpg','2019-01-03 07:45:53','2019-01-03 07:45:53'),(62,2,12,'15465015536128738ppXbwDkT2.jpg','2019-01-03 07:45:54','2019-01-03 07:45:54'),(63,2,12,'1546501554279397t1RSp6l51P.jpg','2019-01-03 07:45:55','2019-01-03 07:45:55'),(64,2,12,'1546501555483221mH1ad6fgek.jpg','2019-01-03 07:45:56','2019-01-03 07:45:56'),(65,2,12,'1546501556765696fS40OXz9lV.jpg','2019-01-03 07:45:56','2019-01-03 07:45:56'),(66,2,12,'1546501556185759UxdlnrLZxs.jpg','2019-01-03 07:45:57','2019-01-03 07:45:57'),(67,2,12,'1546501557799685Su7Zx36SNx.jpg','2019-01-03 07:45:57','2019-01-03 07:45:57'),(68,2,12,'1546501558243223cH87wqIMdj.jpg','2019-01-03 07:45:58','2019-01-03 07:45:58'),(77,2,14,'1546506624548872pZhNZP0Cdm.jpg','2019-01-03 09:10:25','2019-01-03 09:10:25'),(78,2,14,'1546506625252220TBgAioaByZ.jpg','2019-01-03 09:10:26','2019-01-03 09:10:26'),(79,2,14,'1546506626332695rhM3REEHHD.jpg','2019-01-03 09:10:26','2019-01-03 09:10:26'),(80,2,14,'1546506626965284JevohNcSI8.jpg','2019-01-03 09:10:27','2019-01-03 09:10:27'),(81,2,14,'15465066275179909RmqfXOHre.jpg','2019-01-03 09:10:27','2019-01-03 09:10:27'),(82,2,14,'1546506627363520y1MQeE02rN.jpg','2019-01-03 09:10:28','2019-01-03 09:10:28'),(83,2,14,'1546506628719456fOhWqeWybk.jpg','2019-01-03 09:10:28','2019-01-03 09:10:28'),(84,2,14,'1546506628942236eypkJB9CQ4.JPG','2019-01-03 09:10:28','2019-01-03 09:10:28'),(85,40,15,'1546514150431832wWHA75Vrht.png','2019-01-03 11:15:51','2019-01-03 11:15:51'),(86,40,15,'1546514151897498Wgpxjhlojc.png','2019-01-03 11:15:51','2019-01-03 11:15:51'),(87,40,15,'1546514151150110RyLTk9IXMc.png','2019-01-03 11:15:51','2019-01-03 11:15:51'),(88,40,15,'1546514151764836UbIvEYlAeD.png','2019-01-03 11:15:52','2019-01-03 11:15:52'),(89,40,15,'15465141521265076VEg0ErlND.png','2019-01-03 11:15:52','2019-01-03 11:15:52'),(90,40,15,'1546514152564669ocwlJrmk3T.png','2019-01-03 11:15:52','2019-01-03 11:15:52'),(91,40,15,'1546514152784199ixZWxqi5tR.png','2019-01-03 11:15:52','2019-01-03 11:15:52'),(92,40,15,'1546514152750263rNM7QRVpkb.png','2019-01-03 11:15:53','2019-01-03 11:15:53'),(103,1,17,'1546531264788613ZVZLhgfkh8.jpg','2019-01-03 16:01:04','2019-01-03 16:01:04'),(104,1,17,'1546531264206752qdN6DKI0JV.jpg','2019-01-03 16:01:05','2019-01-03 16:01:05'),(105,1,17,'15465312652529647BBWHZV4be.jpg','2019-01-03 16:01:06','2019-01-03 16:01:06'),(106,1,17,'1546531266907962bv8ldAUfgN.jpg','2019-01-03 16:01:06','2019-01-03 16:01:06'),(107,1,17,'1546531266346215I8QVGQnTmn.jpg','2019-01-03 16:01:07','2019-01-03 16:01:07'),(108,1,17,'1546531267359891cXKKB2OaME.jpg','2019-01-03 16:01:08','2019-01-03 16:01:08'),(109,1,17,'15465312689568863ZM0JRmkSN.jpg','2019-01-03 16:01:08','2019-01-03 16:01:08'),(110,1,17,'15465312683661921GMo9fMw8m.jpg','2019-01-03 16:01:10','2019-01-03 16:01:10'),(111,1,17,'1546531270720173K6S0m4Gvdh.jpg','2019-01-03 16:01:10','2019-01-03 16:01:10'),(112,1,17,'1546531270615233kAHhMhG86n.jpg','2019-01-03 16:01:10','2019-01-03 16:01:10'),(113,81,18,'1546531571825959GvowEkt2LD.jpg','2019-01-03 16:06:12','2019-01-03 16:06:12'),(114,81,18,'1546531572433776gsEAI5fMVl.jpg','2019-01-03 16:06:12','2019-01-03 16:06:12'),(115,81,18,'1546531572376173tB6d58O6XQ.jpg','2019-01-03 16:06:12','2019-01-03 16:06:12'),(116,81,18,'1546531572572465AJTcBaagcg.jpg','2019-01-03 16:06:13','2019-01-03 16:06:13'),(117,81,18,'1546531573425707yPLl6C55SQ.jpg','2019-01-03 16:06:13','2019-01-03 16:06:13'),(118,81,18,'1546531573437323sEtrX1l7Rj.jpg','2019-01-03 16:06:14','2019-01-03 16:06:14'),(119,81,18,'15465315749991582javiPAIuR.jpg','2019-01-03 16:06:14','2019-01-03 16:06:14'),(120,81,18,'1546531574594338Z8V5bekwSW.jpg','2019-01-03 16:06:14','2019-01-03 16:06:14'),(122,47,22,'1546633414831709a7U9qw3BT4.jpg','2019-01-04 20:23:35','2019-01-04 20:23:35'),(123,47,22,'1546633415505761OIOyX5zVui.jpg','2019-01-04 20:23:35','2019-01-04 20:23:35'),(124,47,22,'1546633415950322XiunMtuFSL.jpg','2019-01-04 20:23:35','2019-01-04 20:23:35'),(125,47,22,'1546633415958721yfIye2PBqe.jpg','2019-01-04 20:23:36','2019-01-04 20:23:36'),(126,47,22,'15466334167913462vhBTw1xOE.jpg','2019-01-04 20:23:36','2019-01-04 20:23:36'),(127,47,22,'1546633416485574ih77V53MGL.jpg','2019-01-04 20:23:37','2019-01-04 20:23:37'),(128,47,23,'1547435140645275WsJ7fDkQrK.jpg','2019-01-14 03:05:40','2019-01-14 03:05:40'),(129,47,23,'1547435140495141hKgq8BW6gN.jpg','2019-01-14 03:05:41','2019-01-14 03:05:41'),(130,47,23,'1547435141277305us4LvXgtJP.jpg','2019-01-14 03:05:41','2019-01-14 03:05:41'),(131,47,23,'1547435141410452kSIaUIMVef.jpg','2019-01-14 03:05:42','2019-01-14 03:05:42'),(132,47,23,'1547435142565980i4m9Dy1Qx6.jpg','2019-01-14 03:05:42','2019-01-14 03:05:42'),(133,47,23,'1547435142625916uq7LtsyVq9.jpg','2019-01-14 03:05:43','2019-01-14 03:05:43'),(134,47,23,'1547435143282260DhLXKcYhMJ.jpg','2019-01-14 03:05:44','2019-01-14 03:05:44'),(135,47,23,'1547435144431481TRnw2uJSo1.jpg','2019-01-14 03:05:44','2019-01-14 03:05:44'),(136,47,23,'1547435144971244AUFA4L1Utp.jpg','2019-01-14 03:05:44','2019-01-14 03:05:44'),(137,47,23,'1547435144622983e3O4VyBE3V.jpg','2019-01-14 03:05:45','2019-01-14 03:05:45'),(138,47,24,'15474355687861395p9R3lj1vx.jpg','2019-01-14 03:12:48','2019-01-14 03:12:48'),(139,47,24,'1547435568553428QMYbuqVx4a.jpg','2019-01-14 03:12:48','2019-01-14 03:12:48'),(140,47,24,'1547435568898104sZYgKUON4z.jpg','2019-01-14 03:12:49','2019-01-14 03:12:49'),(141,47,24,'15474355693162946VItx7s5RT.jpg','2019-01-14 03:12:49','2019-01-14 03:12:49'),(142,47,24,'1547435569459663Zzm5Dhh1xC.jpg','2019-01-14 03:12:49','2019-01-14 03:12:49'),(143,47,24,'1547435569325886mdc7cGzzyF.jpg','2019-01-14 03:12:50','2019-01-14 03:12:50'),(144,47,24,'1547435570950274jZeld7FqCE.jpg','2019-01-14 03:12:50','2019-01-14 03:12:50'),(145,47,24,'1547435570359703gvmdh86mEq.jpg','2019-01-14 03:12:50','2019-01-14 03:12:50'),(146,47,25,'1547436131783214Sc3WKBBgQX.jpg','2019-01-14 03:22:12','2019-01-14 03:22:12'),(148,47,25,'15474361705712795nl5ZRCXUZ.jpg','2019-01-14 03:22:51','2019-01-14 03:22:51'),(150,47,25,'1547436210278244KfND611P0c.jpg','2019-01-14 03:23:31','2019-01-14 03:23:31'),(153,47,25,'15474362611737574T4H6ivyOm.jpg','2019-01-14 03:24:22','2019-01-14 03:24:22'),(154,47,25,'15474362627684534FTP5ndhyZ.jpg','2019-01-14 03:24:23','2019-01-14 03:24:23'),(156,47,26,'1547436951499629v7TsW7u337.jpg','2019-01-14 03:35:51','2019-01-14 03:35:51'),(157,47,26,'1547436951604519EpOw8Rq4vB.jpg','2019-01-14 03:35:52','2019-01-14 03:35:52'),(158,47,26,'1547436952819976r9CMNzMXSb.jpg','2019-01-14 03:35:52','2019-01-14 03:35:52'),(159,47,26,'15474369526475113dEPobs5DC.jpg','2019-01-14 03:35:53','2019-01-14 03:35:53'),(160,47,26,'1547436953207302p0ByXk33OX.jpg','2019-01-14 03:35:53','2019-01-14 03:35:53'),(161,47,26,'1547436953943223CE900qQYgD.jpg','2019-01-14 03:35:53','2019-01-14 03:35:53'),(162,47,26,'1547436953665368Jy8uUBjDSm.jpg','2019-01-14 03:35:53','2019-01-14 03:35:53'),(163,47,26,'1547436953836197xkYS0Zpz1q.jpg','2019-01-14 03:35:54','2019-01-14 03:35:54'),(164,47,26,'1547436954365680WnSmRDtJX3.jpg','2019-01-14 03:35:54','2019-01-14 03:35:54'),(165,47,27,'1547437126831279zRpXZ1IKBr.jpg','2019-01-14 03:38:46','2019-01-14 03:38:46'),(166,47,27,'1547437126641327G4VwdLFSLh.jpg','2019-01-14 03:38:46','2019-01-14 03:38:46'),(167,47,27,'15474371262685264teUBN2ywA.jpg','2019-01-14 03:38:46','2019-01-14 03:38:46'),(168,47,27,'1547437126567526QQOOwY4riL.jpg','2019-01-14 03:38:46','2019-01-14 03:38:46'),(169,47,27,'1547437126280675UaAy1ERIge.jpg','2019-01-14 03:38:47','2019-01-14 03:38:47'),(170,47,27,'1547437127746179SvXhN3NXsX.jpg','2019-01-14 03:38:47','2019-01-14 03:38:47'),(171,47,28,'1547437404759994EY7eq9YfhT.jpg','2019-01-14 03:43:24','2019-01-14 03:43:24'),(172,47,28,'1547437404859205jifq471aGR.jpg','2019-01-14 03:43:25','2019-01-14 03:43:25'),(173,47,28,'1547437405348890w8SG4yHQTW.jpg','2019-01-14 03:43:25','2019-01-14 03:43:25'),(174,47,28,'1547437405366229P89buBjxW8.jpg','2019-01-14 03:43:25','2019-01-14 03:43:25'),(175,47,28,'1547437405629965rYFTEmL2zM.jpg','2019-01-14 03:43:26','2019-01-14 03:43:26'),(176,47,28,'1547437406119304wbl5GEd1vX.jpg','2019-01-14 03:43:26','2019-01-14 03:43:26'),(177,47,28,'1547437406539534dhjSwmuTjB.jpg','2019-01-14 03:43:26','2019-01-14 03:43:26'),(178,47,28,'15474374065335423QYg29mVjz.jpg','2019-01-14 03:43:27','2019-01-14 03:43:27'),(179,47,28,'1547437407451381lairsWK3gk.jpg','2019-01-14 03:43:27','2019-01-14 03:43:27'),(180,47,28,'1547437407745831fDOwsGJFHm.jpg','2019-01-14 03:43:27','2019-01-14 03:43:27'),(181,47,29,'1547437843939858m9FFwoNLPu.jpg','2019-01-14 03:50:43','2019-01-14 03:50:43'),(182,47,29,'1547437843515111HQeaxTEjSq.jpg','2019-01-14 03:50:44','2019-01-14 03:50:44'),(183,47,29,'1547437844791713VDv6q9yUdg.jpg','2019-01-14 03:50:44','2019-01-14 03:50:44'),(184,47,29,'1547437844529766uW5yah8UTB.jpg','2019-01-14 03:50:44','2019-01-14 03:50:44'),(185,47,29,'1547437844167487gzl7NT799G.jpg','2019-01-14 03:50:44','2019-01-14 03:50:44'),(186,47,29,'1547437844794831c5BcZv6AhR.jpg','2019-01-14 03:50:44','2019-01-14 03:50:44'),(187,47,30,'15474380115998724hHZkgz6Et.jpg','2019-01-14 03:53:31','2019-01-14 03:53:31'),(188,47,30,'1547438011575466XSJOyL86C5.jpg','2019-01-14 03:53:32','2019-01-14 03:53:32'),(189,47,30,'1547438012837575mdmoJWoyi0.jpg','2019-01-14 03:53:32','2019-01-14 03:53:32'),(190,47,30,'1547438012186581uBKifDSby3.jpg','2019-01-14 03:53:32','2019-01-14 03:53:32'),(191,47,30,'1547438012931640aGicPwdqFi.jpg','2019-01-14 03:53:33','2019-01-14 03:53:33'),(192,47,30,'1547438013964258q0ggdMedUc.jpg','2019-01-14 03:53:33','2019-01-14 03:53:33'),(193,47,30,'15474380132331646K4rTVxswu.jpg','2019-01-14 03:53:33','2019-01-14 03:53:33'),(194,47,30,'1547438013641843KsbLW2BffS.jpg','2019-01-14 03:53:34','2019-01-14 03:53:34'),(195,47,30,'1547438014965530WJ60UmHBKE.jpg','2019-01-14 03:53:34','2019-01-14 03:53:34'),(196,47,30,'1547438014136408RMvzUQhNQN.jpg','2019-01-14 03:53:34','2019-01-14 03:53:34'),(197,47,31,'1547438214576280DZuuixtnQP.jpg','2019-01-14 03:56:55','2019-01-14 03:56:55'),(198,47,31,'15474382156175138okDp6il1Z.jpg','2019-01-14 03:56:55','2019-01-14 03:56:55'),(199,47,31,'1547438215238506ccIou8gd57.jpg','2019-01-14 03:56:55','2019-01-14 03:56:55'),(200,47,31,'1547438215520352mTQs41ID39.jpg','2019-01-14 03:56:56','2019-01-14 03:56:56'),(201,47,31,'1547438216935430EagRbgsK47.jpg','2019-01-14 03:56:56','2019-01-14 03:56:56'),(202,47,31,'15474382161028996o4YunhISl.jpg','2019-01-14 03:56:56','2019-01-14 03:56:56'),(203,47,31,'15474382162553215UbwcLKld6.jpg','2019-01-14 03:56:57','2019-01-14 03:56:57'),(204,47,32,'1547438396482909TfFdnpo1W7.jpg','2019-01-14 03:59:57','2019-01-14 03:59:57'),(205,47,32,'1547438397848474XZE3HC4eYY.jpg','2019-01-14 03:59:57','2019-01-14 03:59:57'),(206,47,32,'1547438397790160Yzgh5L8fva.jpg','2019-01-14 03:59:57','2019-01-14 03:59:57'),(207,47,32,'1547438397582992JYjKns5dG9.jpg','2019-01-14 03:59:58','2019-01-14 03:59:58'),(208,47,32,'1547438398565652DikEXU0lNW.jpg','2019-01-14 03:59:58','2019-01-14 03:59:58'),(209,47,32,'15474383986519848pLFMUGJ7E.jpg','2019-01-14 03:59:58','2019-01-14 03:59:58'),(210,47,32,'1547438398970806pKdADLcpKV.jpg','2019-01-14 03:59:59','2019-01-14 03:59:59'),(211,47,32,'1547438399182406aREdoQcjpP.jpg','2019-01-14 03:59:59','2019-01-14 03:59:59'),(212,47,32,'1547438399975393RIUwZipTF1.jpg','2019-01-14 03:59:59','2019-01-14 03:59:59'),(213,47,32,'1547438399290954Wc7k9kPYp7.jpg','2019-01-14 04:00:00','2019-01-14 04:00:00'),(214,47,33,'1547438602885401JE0qNkh4R4.jpg','2019-01-14 04:03:22','2019-01-14 04:03:22'),(215,47,33,'1547438602414917Fk29TNCsAC.jpg','2019-01-14 04:03:22','2019-01-14 04:03:22'),(216,47,33,'15474386029552932jv1NZcIud.jpg','2019-01-14 04:03:23','2019-01-14 04:03:23'),(217,47,33,'1547438603178969kObHjYOPHy.jpg','2019-01-14 04:03:23','2019-01-14 04:03:23'),(218,47,33,'1547438603814258JDrC2QRs0v.jpg','2019-01-14 04:03:23','2019-01-14 04:03:23'),(219,47,33,'154743860391239532HoGIPPyd.jpg','2019-01-14 04:03:24','2019-01-14 04:03:24'),(220,47,33,'1547438604727786b9Go2NxCIY.jpg','2019-01-14 04:03:24','2019-01-14 04:03:24'),(221,47,34,'1547438915935666HrZ6f2BjLy.jpg','2019-01-14 04:08:36','2019-01-14 04:08:36'),(222,47,34,'1547438916410700j5IasFaudA.jpg','2019-01-14 04:08:36','2019-01-14 04:08:36'),(223,47,34,'1547438916978454xbJDTJYZua.jpg','2019-01-14 04:08:36','2019-01-14 04:08:36'),(224,47,34,'1547438916179249W3t8FsTeLq.jpg','2019-01-14 04:08:37','2019-01-14 04:08:37'),(225,47,34,'1547438917365805YsecTbW9NV.jpg','2019-01-14 04:08:37','2019-01-14 04:08:37'),(226,47,34,'1547438917284111FK4BtjSCvu.jpg','2019-01-14 04:08:37','2019-01-14 04:08:37'),(227,47,34,'1547438917386582zaC3712bXv.jpg','2019-01-14 04:08:38','2019-01-14 04:08:38'),(228,47,34,'1547438918341947vK5va2HZfD.jpg','2019-01-14 04:08:38','2019-01-14 04:08:38'),(229,47,35,'1547439145740162KW7f3FJuW5.jpg','2019-01-14 04:12:26','2019-01-14 04:12:26'),(230,47,35,'15474391465455847ctPeFyAgO.jpg','2019-01-14 04:12:26','2019-01-14 04:12:26'),(231,47,35,'1547439146718659EdbipMMc05.jpg','2019-01-14 04:12:27','2019-01-14 04:12:27'),(232,47,35,'1547439147919628mbdglinRlh.jpg','2019-01-14 04:12:27','2019-01-14 04:12:27'),(233,47,35,'1547439147857654REidKEsgeZ.jpg','2019-01-14 04:12:28','2019-01-14 04:12:28'),(234,47,35,'1547439148768472PdJHBPNUsX.jpg','2019-01-14 04:12:28','2019-01-14 04:12:28'),(235,47,35,'1547439148408874adS2gpGgDE.jpg','2019-01-14 04:12:28','2019-01-14 04:12:28'),(236,47,35,'1547439148749523JddO5IkuQl.jpg','2019-01-14 04:12:29','2019-01-14 04:12:29');
/*!40000 ALTER TABLE `images` ENABLE KEYS */;
UNLOCK TABLES;

--
-- Table structure for table `messages`
--

DROP TABLE IF EXISTS `messages`;
/*!40101 SET @saved_cs_client     = @@character_set_client */;
 SET character_set_client = utf8mb4 ;
CREATE TABLE `messages` (
  `id` int(11) NOT NULL AUTO_INCREMENT,
  `chatId` int(11) NOT NULL,
  `sender` varchar(255) NOT NULL,
  `apartment` int(11) NOT NULL,
  `message` mediumtext NOT NULL,
  `filename` varchar(255) DEFAULT NULL,
  `type` varchar(10) NOT NULL,
  `mimetype` varchar(255) DEFAULT NULL,
  `status` enum('U','R') NOT NULL,
  `created_at` timestamp NOT NULL,
  `updated_at` timestamp NOT NULL DEFAULT CURRENT_TIMESTAMP,
  `sendtime` varchar(255) NOT NULL,
  PRIMARY KEY (`id`)
) ENGINE=InnoDB AUTO_INCREMENT=42 DEFAULT CHARSET=utf8;
/*!40101 SET character_set_client = @saved_cs_client */;

--
-- Dumping data for table `messages`
--

LOCK TABLES `messages` WRITE;
/*!40000 ALTER TABLE `messages` DISABLE KEYS */;
INSERT INTO `messages` VALUES (1,2,'172eef0acfb3b4e8',4,'hi',NULL,'M',NULL,'R','2018-12-21 12:34:44','2018-12-21 12:52:51','2018-12-21 12:34:43.545'),(2,2,'172eef0acfb3b4e8',4,'hi',NULL,'M',NULL,'R','2018-12-21 12:35:21','2018-12-21 12:52:51','2018-12-21 12:35:20.543'),(3,2,'40',4,'gggg',NULL,'M',NULL,'R','2018-12-21 12:35:52','2018-12-21 12:53:23','2018-12-21 12:35:51.653'),(4,2,'172eef0acfb3b4e8',4,'cudxu',NULL,'M',NULL,'R','2018-12-21 12:36:08','2018-12-21 12:52:51','2018-12-21 12:36:07.831'),(5,2,'40',4,'Xbox jxj',NULL,'M',NULL,'R','2018-12-21 12:36:24','2018-12-21 12:53:23','2018-12-21 12:36:23.959'),(6,2,'172eef0acfb3b4e8',4,'https://s3-us-west-2.amazonaws.com/aprtmnt/admin/chatimages/1545395814616-lg.jpg','1545395814616-lg.jpg','F','image/jpeg','R','2018-12-21 12:36:55','2018-12-21 12:52:51','2018-12-21 12:36:54.627'),(7,2,'40',4,'bhh',NULL,'M',NULL,'R','2018-12-21 12:42:51','2018-12-21 12:53:23','2018-12-21 12:42:50.762'),(8,2,'40',4,'nbjj',NULL,'M',NULL,'R','2018-12-21 12:43:06','2018-12-21 12:53:23','2018-12-21 12:43:06.308'),(9,2,'40',4,'jjj',NULL,'M',NULL,'R','2018-12-21 12:43:09','2018-12-21 12:53:23','2018-12-21 12:43:09.097'),(10,2,'40',4,'hufff',NULL,'M',NULL,'R','2018-12-21 12:43:12','2018-12-21 12:53:23','2018-12-21 12:43:12.040'),(11,2,'40',4,'bbvh',NULL,'M',NULL,'R','2018-12-21 12:44:05','2018-12-21 12:53:23','2018-12-21 12:44:05.241'),(12,2,'40',4,'hhj',NULL,'M',NULL,'R','2018-12-21 12:44:09','2018-12-21 12:53:23','2018-12-21 12:44:08.952'),(13,2,'172eef0acfb3b4e8',4,'hog uuv up. y.   he have ygg',NULL,'M',NULL,'R','2018-12-21 12:44:34','2018-12-21 12:52:51','2018-12-21 12:44:34.237'),(14,2,'40',4,'ffffff xccxx',NULL,'M',NULL,'R','2018-12-21 12:44:50','2018-12-21 12:53:23','2018-12-21 12:44:50.044'),(15,2,'40',4,'g gbgcgb bung BFF g g ybyvyvy ugh b ugh y ugh GB ugh Yb ur ybyvyvy UT u ybyvyvy Yb ugh ybyvyvy ugh n ugh y Yb NV if',NULL,'M',NULL,'R','2018-12-21 12:45:09','2018-12-21 12:53:23','2018-12-21 12:45:09.235'),(16,2,'40',4,'https://s3-us-west-2.amazonaws.com/aprtmnt/admin/chatimages/1545396338432-lg.jpg','1545396338432-lg.jpg','F','image/jpeg','R','2018-12-21 12:45:38','2018-12-21 12:53:23','2018-12-21 12:45:38.446'),(17,4,'172eef0acfb3b4e8',5,'hi',NULL,'M',NULL,'R','2018-12-21 12:54:59','2018-12-21 13:07:39','2018-12-21 12:54:59.002'),(18,4,'172eef0acfb3b4e8',5,'hlw',NULL,'M',NULL,'R','2018-12-21 12:55:03','2018-12-21 13:07:39','2018-12-21 12:55:03.103'),(19,4,'48',5,'hi',NULL,'M',NULL,'R','2018-12-21 12:56:12','2018-12-21 13:03:36','2018-12-21 12:56:12.166'),(20,5,'40',5,'cc',NULL,'M',NULL,'R','2018-12-21 13:05:00','2018-12-21 13:07:46','2018-12-21 13:05:00.395'),(21,5,'40',5,'gc',NULL,'M',NULL,'R','2018-12-21 13:05:03','2018-12-21 13:07:46','2018-12-21 13:05:02.910'),(22,5,'48',5,'hdhf',NULL,'M',NULL,'U','2018-12-21 13:07:48','2018-12-21 13:07:47','2018-12-21 13:07:47.930'),(23,7,'81',6,'hss',NULL,'M',NULL,'U','2019-01-04 06:45:38','2019-01-04 06:45:37','2019-01-04 06:45:37.569'),(24,9,'eadeb5467322a209',32,'hello',NULL,'M',NULL,'R','2019-01-14 22:25:09','2019-03-26 00:04:51','2019-01-14 22:25:09.125'),(25,10,'c577a84d970c0066',1,'hi',NULL,'M',NULL,'R','2019-01-26 16:12:13','2019-04-17 08:58:00','2019-01-26 16:12:12.728'),(26,10,'2',1,'kigo',NULL,'M',NULL,'R','2019-01-26 16:12:46','2019-01-26 16:12:45','2019-01-26 16:12:45.820'),(27,10,'c577a84d970c0066',1,'kikhabagar',NULL,'M',NULL,'R','2019-01-26 16:13:27','2019-04-17 08:58:00','2019-01-26 16:13:26.746'),(28,10,'2',1,'yruaya4',NULL,'M',NULL,'R','2019-01-26 16:13:34','2019-01-26 16:13:33','2019-01-26 16:13:33.699'),(29,10,'c577a84d970c0066',1,'tu btgr',NULL,'M',NULL,'R','2019-01-26 16:13:39','2019-04-17 08:58:00','2019-01-26 16:13:38.926'),(30,10,'c577a84d970c0066',1,'ir8ri',NULL,'M',NULL,'R','2019-01-26 16:13:43','2019-04-17 08:58:00','2019-01-26 16:13:43.426'),(31,10,'c577a84d970c0066',1,'https://s3-us-west-2.amazonaws.com/aprtmnt/admin/chatimages/1548519263016-lg.jpg','1548519263016-lg.jpg','F','image/jpeg','R','2019-01-26 16:14:23','2019-04-17 08:58:00','2019-01-26 16:14:23.033'),(32,11,'c577a84d970c0066',9,'hi',NULL,'M',NULL,'U','2019-01-26 16:17:46','2019-01-26 16:17:45','2019-01-26 16:17:45.776'),(33,8,'47',22,'hi',NULL,'M',NULL,'U','2019-03-11 21:32:41','2019-03-11 21:32:41','2019-03-11 21:32:40.988'),(34,13,'eadeb5467322a209',33,'hi',NULL,'M',NULL,'R','2019-03-11 21:34:01','2019-03-26 00:05:00','2019-03-11 21:34:01.041'),(35,13,'eadeb5467322a209',33,'is this available?',NULL,'M',NULL,'R','2019-03-11 21:34:12','2019-03-26 00:05:00','2019-03-11 21:34:12.432'),(36,13,'47',33,'hows it going',NULL,'M',NULL,'R','2019-03-11 21:34:14','2019-03-11 21:34:52','2019-03-11 21:34:14.250'),(37,13,'eadeb5467322a209',33,'https://s3-us-west-2.amazonaws.com/aprtmnt/admin/chatimages/1552340073836-lg.jpg','1552340073836-lg.jpg','F','image/jpeg','R','2019-03-11 21:34:34','2019-03-26 00:05:00','2019-03-11 21:34:33.888'),(38,13,'47',33,'https://s3-us-west-2.amazonaws.com/aprtmnt/admin/chatimages/1552340078304-lg.jpg','1552340078304-lg.jpg','F','image/jpeg','R','2019-03-11 21:34:38','2019-03-11 21:34:52','2019-03-11 21:34:38.319'),(39,13,'eadeb5467322a209',33,'https://s3-us-west-2.amazonaws.com/aprtmnt/admin/chatimages/1552340121984-lg.jpg','1552340121984-lg.jpg','F','image/jpeg','R','2019-03-11 21:35:22','2019-03-26 00:05:00','2019-03-11 21:35:22.002'),(40,14,'47',35,'hey',NULL,'M',NULL,'U','2019-03-26 00:06:35','2019-03-26 00:06:35','2019-03-26 00:06:35.154'),(41,10,'2',1,'hi',NULL,'M',NULL,'U','2019-04-17 08:57:29','2019-04-17 08:57:29','2019-04-17 08:57:29.461');
/*!40000 ALTER TABLE `messages` ENABLE KEYS */;
UNLOCK TABLES;

--
-- Table structure for table `migrations`
--

DROP TABLE IF EXISTS `migrations`;
/*!40101 SET @saved_cs_client     = @@character_set_client */;
 SET character_set_client = utf8mb4 ;
CREATE TABLE `migrations` (
  `id` int(10) unsigned NOT NULL AUTO_INCREMENT,
  `migration` varchar(255) COLLATE utf8mb4_unicode_ci NOT NULL,
  `batch` int(11) NOT NULL,
  PRIMARY KEY (`id`)
) ENGINE=InnoDB DEFAULT CHARSET=utf8mb4 COLLATE=utf8mb4_unicode_ci;
/*!40101 SET character_set_client = @saved_cs_client */;

--
-- Dumping data for table `migrations`
--

LOCK TABLES `migrations` WRITE;
/*!40000 ALTER TABLE `migrations` DISABLE KEYS */;
/*!40000 ALTER TABLE `migrations` ENABLE KEYS */;
UNLOCK TABLES;

--
-- Table structure for table `neighborhoods`
--

DROP TABLE IF EXISTS `neighborhoods`;
/*!40101 SET @saved_cs_client     = @@character_set_client */;
 SET character_set_client = utf8mb4 ;
CREATE TABLE `neighborhoods` (
  `id` int(11) NOT NULL AUTO_INCREMENT,
  `name` varchar(255) COLLATE utf8_unicode_ci NOT NULL,
  `parent_id` int(11) NOT NULL,
  `subneighbor` int(11) NOT NULL,
  `created_at` timestamp NOT NULL DEFAULT CURRENT_TIMESTAMP,
  `updated_at` timestamp NOT NULL DEFAULT CURRENT_TIMESTAMP,
  PRIMARY KEY (`id`)
) ENGINE=MyISAM AUTO_INCREMENT=141 DEFAULT CHARSET=utf8 COLLATE=utf8_unicode_ci;
/*!40101 SET character_set_client = @saved_cs_client */;

--
-- Dumping data for table `neighborhoods`
--

LOCK TABLES `neighborhoods` WRITE;
/*!40000 ALTER TABLE `neighborhoods` DISABLE KEYS */;
INSERT INTO `neighborhoods` VALUES (1,'Manhattan',0,0,'2018-10-26 06:27:27','2018-10-26 06:27:27'),(2,'Brooklyn',0,0,'2018-10-26 06:27:27','2018-10-26 06:27:27'),(3,'Queens',0,0,'2018-10-26 06:27:27','2018-10-26 06:27:27'),(4,'Bronx',0,0,'2018-10-26 06:27:27','2018-10-26 06:27:27'),(5,'Staten Island',0,0,'2018-10-26 06:27:27','2018-10-26 06:27:27'),(6,'Washington Heights',1,5,'2018-10-26 06:39:58','2018-10-26 06:39:58'),(7,'Central Harlem',1,5,'2018-10-26 06:39:58','2018-10-26 06:39:58'),(8,'Morningside Heights',1,5,'2018-10-26 06:39:58','2018-10-26 06:39:58'),(9,'Upper West Side',1,4,'2018-10-26 06:39:58','2018-10-26 06:39:58'),(10,'Lincoln Square',1,4,'2018-10-26 06:39:58','2018-10-26 06:39:58'),(11,'Upper East Side',1,3,'2018-10-26 06:39:58','2018-10-26 06:39:58'),(12,'Yorkville',1,3,'2018-10-26 06:39:58','2018-10-26 06:39:58'),(13,'Carnegie Hill',1,3,'2018-10-26 06:39:58','2018-10-26 06:39:58'),(14,'Gramercy Park',1,1,'2018-10-26 06:39:58','2018-10-26 06:39:58'),(15,'Flatiron',1,1,'2018-10-26 06:39:58','2018-10-26 06:39:58'),(16,'Murray Hill',1,2,'2018-10-26 06:39:58','2018-10-26 06:39:58'),(17,'Midtown East',1,2,'2018-10-26 06:39:58','2018-10-26 06:39:58'),(18,'Turtle Bay',1,2,'2018-10-26 06:39:58','2018-10-26 06:39:58'),(19,'Sutton Place',1,2,'2018-10-26 06:39:58','2018-10-26 06:39:58'),(20,'Midtown West',1,2,'2018-10-26 06:39:58','2018-10-26 06:39:58'),(24,'Chelsea',1,1,'2018-10-26 06:39:58','2018-10-26 06:39:58'),(113,'West Chelsea',1,1,'2018-11-07 11:33:18','2018-11-07 11:33:18'),(27,'East Village',1,1,'2018-10-26 06:39:58','2018-10-26 06:39:58'),(28,'West Village',1,1,'2018-10-26 06:39:58','2018-10-26 06:39:58'),(29,'Greenwich Village',1,1,'2018-10-26 06:39:58','2018-10-26 06:39:58'),(30,'Noho',1,1,'2018-10-26 06:39:58','2018-10-26 06:39:58'),(31,'SoHo',1,1,'2018-10-26 06:39:58','2018-10-26 06:39:58'),(32,'Nolita',1,1,'2018-10-26 06:39:58','2018-10-26 06:39:58'),(33,'Tribeca',1,1,'2018-10-26 06:39:58','2018-10-26 06:39:58'),(34,'Lower East Side',1,1,'2018-10-26 06:39:58','2018-10-26 06:39:58'),(36,'Financial District',1,1,'2018-10-26 06:39:58','2018-10-26 06:39:58'),(37,'Battery Park City',1,1,'2018-10-26 06:39:58','2018-10-26 06:39:58'),(38,'Roosevelt Island',1,2,'2018-10-26 06:39:58','2018-10-26 06:39:58'),(39,'Brooklyn Heights',2,0,'2018-10-26 07:14:19','2018-10-26 07:14:19'),(40,'Brooklyn Navy Yard',2,0,'2018-10-26 07:14:19','2018-10-26 07:14:19'),(41,'Admiral\'s Row',2,0,'2018-10-26 07:14:19','2018-10-26 07:14:19'),(42,'Cadman Plaza',2,0,'2018-10-26 07:14:19','2018-10-26 07:14:19'),(43,'Clinton Hill',2,0,'2018-10-26 07:14:19','2018-10-26 07:14:19'),(44,'Downtown Brooklyn',2,0,'2018-10-26 07:14:19','2018-10-26 07:14:19'),(45,'Bridge Plaza/RAMBO',2,0,'2018-10-26 07:14:19','2018-10-26 07:14:19'),(46,'DUMBO',2,0,'2018-10-26 07:14:19','2018-10-26 07:14:19'),(47,'Fort Greene',2,0,'2018-10-26 07:14:19','2018-10-26 07:14:19'),(48,'Fulton Ferry',2,0,'2018-10-26 07:14:19','2018-10-26 07:14:19'),(49,'Pacific Park/Atlantic Yards',2,0,'2018-10-26 07:14:19','2018-10-26 07:14:19'),(50,'Prospect Heights',2,0,'2018-10-26 07:14:19','2018-10-26 07:14:19'),(51,'Vinegar Hill',2,0,'2018-10-26 07:14:19','2018-10-26 07:14:19'),(52,'Boerum Hill',2,0,'2018-10-26 07:14:19','2018-10-26 07:14:19'),(53,'Carroll Gardens',2,0,'2018-10-26 07:14:19','2018-10-26 07:14:19'),(54,'Columbia Street Waterfront District',2,0,'2018-10-26 07:14:19','2018-10-26 07:14:19'),(55,'Cobble Hill',2,0,'2018-10-26 07:14:19','2018-10-26 07:14:19'),(56,'Gowanus',2,0,'2018-10-26 07:14:19','2018-10-26 07:14:19'),(57,'Park Slope',2,0,'2018-10-26 07:14:19','2018-10-26 07:14:19'),(58,'South Park Slope',2,0,'2018-10-26 07:14:19','2018-10-26 07:14:19'),(59,'Greenwood Heights',2,0,'2018-10-26 07:14:19','2018-10-26 07:14:19'),(60,'Red Hook',2,0,'2018-10-26 07:14:19','2018-10-26 07:14:19'),(61,'Bedford–Stuyvesant',2,0,'2018-10-26 07:14:19','2018-10-26 07:14:19'),(62,'Bedford',2,0,'2018-10-26 07:14:19','2018-10-26 07:14:19'),(63,'Ocean Hill',2,0,'2018-10-26 07:14:19','2018-10-26 07:14:19'),(64,'Stuyvesant Heights',2,0,'2018-10-26 07:14:19','2018-10-26 07:14:19'),(65,'Crown Heights',2,0,'2018-10-26 07:14:19','2018-10-26 07:14:19'),(66,'Weeksville',2,0,'2018-10-26 07:14:19','2018-10-26 07:14:19'),(67,'Flatbush',2,0,'2018-10-26 07:14:19','2018-10-26 07:14:19'),(68,'Prospect Park South',2,0,'2018-10-26 07:14:19','2018-10-26 07:14:19'),(69,'Kensington',2,0,'2018-10-26 07:14:19','2018-10-26 07:14:19'),(70,'Ocean Parkway',2,0,'2018-10-26 07:14:19','2018-10-26 07:14:19'),(71,'Midwood',2,0,'2018-10-26 07:14:19','2018-10-26 07:14:19'),(72,'Bay Ridge',2,0,'2018-10-26 07:14:19','2018-10-26 07:14:19'),(73,'Bensonhurst',2,0,'2018-10-26 07:14:19','2018-10-26 07:14:19'),(74,'Bath Beach',2,0,'2018-10-26 07:14:19','2018-10-26 07:14:19'),(75,'New Utrecht',2,0,'2018-10-26 07:14:19','2018-10-26 07:14:19'),(76,'Borough Park',2,0,'2018-10-26 07:14:19','2018-10-26 07:14:19'),(77,'Dyker Heights',2,0,'2018-10-26 07:14:19','2018-10-26 07:14:19'),(78,'Sunset Park',2,0,'2018-10-26 07:14:19','2018-10-26 07:14:19'),(79,'Manhattan Beach',2,0,'2018-10-26 07:24:25','2018-10-26 07:24:25'),(80,'Brighton Beach',2,0,'2018-10-26 07:24:25','2018-10-26 07:24:25'),(81,'Homecrest',2,0,'2018-10-26 07:24:25','2018-10-26 07:24:25'),(82,'Flatlands',2,0,'2018-10-26 07:24:25','2018-10-26 07:24:25'),(83,'Gerritsen Beach',2,0,'2018-10-26 07:24:25','2018-10-26 07:24:25'),(84,'Gravesend',2,0,'2018-10-26 07:24:25','2018-10-26 07:24:25'),(85,'Marine Park',2,0,'2018-10-26 07:24:25','2018-10-26 07:24:25'),(86,'Mill Basin',2,0,'2018-10-26 07:24:25','2018-10-26 07:24:25'),(87,'Brownsville',2,0,'2018-10-26 07:24:25','2018-10-26 07:24:25'),(88,'Canarsie',2,0,'2018-10-26 07:24:25','2018-10-26 07:24:25'),(89,'East New York',2,0,'2018-10-26 07:24:25','2018-10-26 07:24:25'),(90,'Bushwick',2,0,'2018-10-26 07:24:25','2018-10-26 07:24:25'),(91,'Greenpoint',2,0,'2018-10-26 07:24:25','2018-10-26 07:24:25'),(92,'Williamsburg',2,0,'2018-10-26 07:24:25','2018-10-26 07:24:25'),(93,'Astoria',3,0,'2018-10-26 07:36:35','2018-10-26 07:36:35'),(94,'Long Island City',3,0,'2018-10-26 07:36:35','2018-10-26 07:36:35'),(95,'Sunnyside',3,0,'2018-10-26 07:36:35','2018-10-26 07:36:35'),(96,'Bayside',3,0,'2018-10-26 07:36:35','2018-10-26 07:36:35'),(97,'Bay Terrace',3,0,'2018-10-26 07:36:35','2018-10-26 07:36:35'),(98,'Bellerose',3,0,'2018-10-26 07:36:35','2018-10-26 07:36:35'),(99,'College Point',3,0,'2018-10-26 07:36:35','2018-10-26 07:36:35'),(100,'Douglaston',3,0,'2018-10-26 07:36:35','2018-10-26 07:36:35'),(101,'Flushing',3,0,'2018-10-26 07:36:35','2018-10-26 07:36:35'),(102,'Auburndale',3,0,'2018-10-26 07:36:35','2018-10-26 07:36:35'),(103,'Bedford Park',4,0,'2018-10-26 07:40:38','2018-10-26 07:40:38'),(104,'Belmont',4,0,'2018-10-26 07:40:38','2018-10-26 07:40:38'),(105,'Fordham',4,0,'2018-10-26 07:40:38','2018-10-26 07:40:38'),(106,'Kingsbridge',4,0,'2018-10-26 07:40:38','2018-10-26 07:40:38'),(107,'Norwood',4,0,'2018-10-26 07:40:38','2018-10-26 07:40:38'),(108,'Annadale',5,0,'2018-10-26 07:43:50','2018-10-26 07:43:50'),(109,'Arden Heights',5,0,'2018-10-26 07:43:50','2018-10-26 07:43:50'),(110,'Arlington',5,0,'2018-10-26 07:43:50','2018-10-26 07:43:50'),(111,'Arrochar',5,0,'2018-10-26 07:43:50','2018-10-26 07:43:50'),(112,'Bay Terrace',5,0,'2018-10-26 07:43:50','2018-10-26 07:43:50'),(114,'Chinatown',1,1,'2018-11-07 11:48:10','2018-11-07 11:48:10'),(115,'Civic Center',1,1,'2018-11-07 11:48:10','2018-11-07 11:48:10'),(116,'Fulton/Seaport',1,1,'2018-11-07 11:48:10','2018-11-07 11:48:10'),(117,'Little Italy',1,1,'2018-11-07 11:48:10','2018-11-07 11:48:10'),(118,'NoMad',1,1,'2018-11-07 11:48:10','2018-11-07 11:48:10'),(119,'Two Bridges',1,1,'2018-11-07 11:48:10','2018-11-07 11:48:10'),(120,'Hudson Square',1,1,'2018-11-07 11:48:10','2018-11-07 11:48:10'),(121,'Stuyvesant Town/PCV',1,1,'2018-11-07 11:48:10','2018-11-07 11:48:10'),(122,'Central Park South',1,2,'2018-11-07 11:48:10','2018-11-07 11:48:10'),(123,'Midtown',1,2,'2018-11-07 11:48:10','2018-11-07 11:48:10'),(124,'Kips Bay',1,2,'2018-11-07 12:00:36','2018-11-07 12:00:36'),(125,'Beekman',1,2,'2018-11-07 12:00:36','2018-11-07 12:00:36'),(126,'Midtown South',1,2,'2018-11-07 12:00:36','2018-11-07 12:00:36'),(127,'Hell\'s Kitchen',1,2,'2018-11-07 12:00:36','2018-11-07 12:00:36'),(128,'Hudson Yards',1,2,'2018-11-07 12:00:36','2018-11-07 12:00:36'),(129,'Lenox Hill',1,3,'2018-11-07 12:00:36','2018-11-07 12:00:36'),(130,'Upper Carnegie Hill',1,3,'2018-11-07 12:00:36','2018-11-07 12:00:36'),(131,'Manhattan Valley',1,4,'2018-11-07 12:00:36','2018-11-07 12:00:36'),(132,'South Harlem',1,5,'2018-11-07 12:00:36','2018-11-07 12:00:36'),(133,'East Harlem',1,5,'2018-11-07 12:00:36','2018-11-07 12:00:36'),(134,'Hamilton Heights',1,5,'2018-11-07 12:04:18','2018-11-07 12:04:18'),(135,'Inwood',1,5,'2018-11-07 12:04:18','2018-11-07 12:04:18'),(136,'Manhattanville',1,5,'2018-11-07 12:04:18','2018-11-07 12:04:18'),(137,'Marble Hill',1,5,'2018-11-07 12:04:18','2018-11-07 12:04:18'),(138,'Fort George',1,5,'2018-11-07 12:04:18','2018-11-07 12:04:18'),(139,'Hudson Heights',1,5,'2018-11-07 12:04:18','2018-11-07 12:04:18'),(140,'West Harlem',1,5,'2018-11-07 12:04:18','2018-11-07 12:04:18');
/*!40000 ALTER TABLE `neighborhoods` ENABLE KEYS */;
UNLOCK TABLES;

--
-- Table structure for table `notifications`
--

DROP TABLE IF EXISTS `notifications`;
/*!40101 SET @saved_cs_client     = @@character_set_client */;
 SET character_set_client = utf8mb4 ;
CREATE TABLE `notifications` (
  `id` int(11) NOT NULL AUTO_INCREMENT,
  `chatId` int(11) NOT NULL,
  `propertyId` int(11) NOT NULL,
  `message` varchar(255) NOT NULL,
  `sender` varchar(255) NOT NULL,
  `created_at` timestamp NULL DEFAULT NULL,
  `updated_at` timestamp NULL DEFAULT NULL,
  `receiver` varchar(255) NOT NULL,
  PRIMARY KEY (`id`)
) ENGINE=InnoDB AUTO_INCREMENT=31 DEFAULT CHARSET=latin1;
/*!40101 SET character_set_client = @saved_cs_client */;

--
-- Dumping data for table `notifications`
--

LOCK TABLES `notifications` WRITE;
/*!40000 ALTER TABLE `notifications` DISABLE KEYS */;
INSERT INTO `notifications` VALUES (19,5,5,'hdhf','48','2018-12-21 13:07:48',NULL,'40'),(20,7,6,'hss','81','2019-01-04 06:45:38',NULL,'38'),(24,11,9,'hi','c577a84d970c0066','2019-01-26 16:17:46',NULL,'40'),(25,8,22,'hi','47','2019-03-11 21:32:41',NULL,'4193cf205d9c7454'),(29,14,35,'hey','47','2019-03-26 00:06:35',NULL,'eadeb5467322a209'),(30,10,1,'hi','2','2019-04-17 08:57:29',NULL,'c577a84d970c0066');
/*!40000 ALTER TABLE `notifications` ENABLE KEYS */;
UNLOCK TABLES;

--
-- Table structure for table `priceranges`
--

DROP TABLE IF EXISTS `priceranges`;
/*!40101 SET @saved_cs_client     = @@character_set_client */;
 SET character_set_client = utf8mb4 ;
CREATE TABLE `priceranges` (
  `id` int(11) NOT NULL AUTO_INCREMENT,
  `minprice` bigint(20) NOT NULL,
  `maxprice` bigint(20) NOT NULL,
  `status` enum('g','l','n') COLLATE utf8_unicode_ci NOT NULL,
  `created_at` timestamp NOT NULL DEFAULT CURRENT_TIMESTAMP,
  `updated_at` timestamp NOT NULL DEFAULT CURRENT_TIMESTAMP,
  PRIMARY KEY (`id`)
) ENGINE=MyISAM AUTO_INCREMENT=15 DEFAULT CHARSET=utf8 COLLATE=utf8_unicode_ci;
/*!40101 SET character_set_client = @saved_cs_client */;

--
-- Dumping data for table `priceranges`
--

LOCK TABLES `priceranges` WRITE;
/*!40000 ALTER TABLE `priceranges` DISABLE KEYS */;
INSERT INTO `priceranges` VALUES (1,100000,200000,'n','2018-11-12 17:36:35','2018-11-12 17:36:35'),(2,200000,300000,'n','2018-11-12 17:37:23','2018-11-12 17:37:23'),(4,300000,400000,'n','2018-11-12 18:33:20','2018-11-12 18:33:20'),(5,10,10000,'n','2018-11-12 18:34:40','2018-11-12 18:34:40'),(14,10,0,'l','2018-11-16 12:22:43','2018-11-16 12:22:43'),(13,400000,0,'g','2018-11-16 12:21:59','2018-11-16 12:21:59');
/*!40000 ALTER TABLE `priceranges` ENABLE KEYS */;
UNLOCK TABLES;

--
-- Table structure for table `property_amenities`
--

DROP TABLE IF EXISTS `property_amenities`;
/*!40101 SET @saved_cs_client     = @@character_set_client */;
 SET character_set_client = utf8mb4 ;
CREATE TABLE `property_amenities` (
  `id` int(10) unsigned NOT NULL AUTO_INCREMENT,
  `user_id` int(10) unsigned NOT NULL,
  `property_id` int(10) unsigned NOT NULL,
  `amenity_id` int(10) unsigned NOT NULL,
  `amenity_root_id` int(10) unsigned DEFAULT NULL,
  `created_at` timestamp NOT NULL DEFAULT CURRENT_TIMESTAMP ON UPDATE CURRENT_TIMESTAMP,
  `updated_at` timestamp NOT NULL DEFAULT '0000-00-00 00:00:00',
  PRIMARY KEY (`id`)
) ENGINE=InnoDB AUTO_INCREMENT=318 DEFAULT CHARSET=utf8mb4 COLLATE=utf8mb4_unicode_ci;
/*!40101 SET character_set_client = @saved_cs_client */;

--
-- Dumping data for table `property_amenities`
--

LOCK TABLES `property_amenities` WRITE;
/*!40000 ALTER TABLE `property_amenities` DISABLE KEYS */;
INSERT INTO `property_amenities` VALUES (19,1,2,40,NULL,'2018-12-21 08:25:10','2018-12-21 08:25:10'),(20,1,2,41,NULL,'2018-12-21 08:25:10','2018-12-21 08:25:10'),(21,1,2,31,NULL,'2018-12-21 08:25:10','2018-12-21 08:25:10'),(22,1,2,15,NULL,'2018-12-21 08:25:10','2018-12-21 08:25:10'),(23,1,3,40,NULL,'2018-12-21 08:27:21','2018-12-21 08:27:21'),(24,1,3,41,NULL,'2018-12-21 08:27:21','2018-12-21 08:27:21'),(25,1,3,32,NULL,'2018-12-21 08:27:21','2018-12-21 08:27:21'),(26,1,3,15,NULL,'2018-12-21 08:27:21','2018-12-21 08:27:21'),(51,1,4,40,NULL,'2018-12-21 12:23:54','2018-12-21 12:23:54'),(52,1,4,41,NULL,'2018-12-21 12:23:54','2018-12-21 12:23:54'),(53,1,4,42,NULL,'2018-12-21 12:23:54','2018-12-21 12:23:54'),(54,1,4,43,NULL,'2018-12-21 12:23:54','2018-12-21 12:23:54'),(55,1,4,44,NULL,'2018-12-21 12:23:54','2018-12-21 12:23:54'),(56,1,4,45,NULL,'2018-12-21 12:23:54','2018-12-21 12:23:54'),(57,1,4,31,NULL,'2018-12-21 12:23:54','2018-12-21 12:23:54'),(58,1,4,32,NULL,'2018-12-21 12:23:54','2018-12-21 12:23:54'),(59,1,4,33,NULL,'2018-12-21 12:23:54','2018-12-21 12:23:54'),(60,1,4,34,NULL,'2018-12-21 12:23:54','2018-12-21 12:23:54'),(61,1,4,39,NULL,'2018-12-21 12:23:54','2018-12-21 12:23:54'),(62,1,4,14,NULL,'2018-12-21 12:23:54','2018-12-21 12:23:54'),(63,1,5,41,NULL,'2018-12-21 12:46:56','2018-12-21 12:46:56'),(64,1,5,32,NULL,'2018-12-21 12:46:56','2018-12-21 12:46:56'),(65,1,5,15,NULL,'2018-12-21 12:46:56','2018-12-21 12:46:56'),(71,1,1,40,NULL,'2018-12-21 12:50:28','2018-12-21 12:50:28'),(72,1,1,41,NULL,'2018-12-21 12:50:28','2018-12-21 12:50:28'),(73,1,1,30,NULL,'2018-12-21 12:50:28','2018-12-21 12:50:28'),(74,1,1,31,NULL,'2018-12-21 12:50:28','2018-12-21 12:50:28'),(75,1,1,15,NULL,'2018-12-21 12:50:28','2018-12-21 12:50:28'),(82,1,6,40,NULL,'2018-12-21 15:01:42','2018-12-21 15:01:42'),(83,1,6,30,NULL,'2018-12-21 15:01:42','2018-12-21 15:01:42'),(84,1,6,14,NULL,'2018-12-21 15:01:42','2018-12-21 15:01:42'),(91,1,9,45,NULL,'2019-01-03 06:33:52','2019-01-03 06:33:52'),(92,1,9,38,NULL,'2019-01-03 06:33:52','2019-01-03 06:33:52'),(93,1,9,14,NULL,'2019-01-03 06:33:52','2019-01-03 06:33:52'),(94,1,10,15,NULL,'2019-01-03 07:12:04','2019-01-03 07:12:04'),(96,2,14,15,NULL,'2019-01-03 09:10:49','2019-01-03 09:10:49'),(116,1,17,40,NULL,'2019-01-03 16:01:10','2019-01-03 16:01:10'),(117,1,17,41,NULL,'2019-01-03 16:01:10','2019-01-03 16:01:10'),(118,1,17,42,NULL,'2019-01-03 16:01:10','2019-01-03 16:01:10'),(119,1,17,43,NULL,'2019-01-03 16:01:10','2019-01-03 16:01:10'),(120,1,17,44,NULL,'2019-01-03 16:01:10','2019-01-03 16:01:10'),(121,1,17,45,NULL,'2019-01-03 16:01:10','2019-01-03 16:01:10'),(122,1,17,30,NULL,'2019-01-03 16:01:10','2019-01-03 16:01:10'),(123,1,17,31,NULL,'2019-01-03 16:01:10','2019-01-03 16:01:10'),(124,1,17,32,NULL,'2019-01-03 16:01:10','2019-01-03 16:01:10'),(125,1,17,33,NULL,'2019-01-03 16:01:10','2019-01-03 16:01:10'),(126,1,17,34,NULL,'2019-01-03 16:01:10','2019-01-03 16:01:10'),(127,1,17,35,NULL,'2019-01-03 16:01:10','2019-01-03 16:01:10'),(128,1,17,36,NULL,'2019-01-03 16:01:10','2019-01-03 16:01:10'),(129,1,17,37,NULL,'2019-01-03 16:01:10','2019-01-03 16:01:10'),(130,1,17,38,NULL,'2019-01-03 16:01:10','2019-01-03 16:01:10'),(131,1,17,39,NULL,'2019-01-03 16:01:10','2019-01-03 16:01:10'),(132,1,17,15,NULL,'2019-01-03 16:01:10','2019-01-03 16:01:10'),(133,1,17,16,NULL,'2019-01-03 16:01:10','2019-01-03 16:01:10'),(134,1,17,17,NULL,'2019-01-03 16:01:10','2019-01-03 16:01:10'),(135,81,18,40,NULL,'2019-01-03 16:06:14','2019-01-03 16:06:14'),(136,81,18,41,NULL,'2019-01-03 16:06:14','2019-01-03 16:06:14'),(137,81,18,42,NULL,'2019-01-03 16:06:14','2019-01-03 16:06:14'),(138,81,18,43,NULL,'2019-01-03 16:06:14','2019-01-03 16:06:14'),(139,81,18,44,NULL,'2019-01-03 16:06:14','2019-01-03 16:06:14'),(140,81,18,45,NULL,'2019-01-03 16:06:14','2019-01-03 16:06:14'),(141,81,18,30,NULL,'2019-01-03 16:06:14','2019-01-03 16:06:14'),(142,81,18,31,NULL,'2019-01-03 16:06:14','2019-01-03 16:06:14'),(143,81,18,32,NULL,'2019-01-03 16:06:14','2019-01-03 16:06:14'),(144,81,18,33,NULL,'2019-01-03 16:06:14','2019-01-03 16:06:14'),(145,81,18,34,NULL,'2019-01-03 16:06:14','2019-01-03 16:06:14'),(146,81,18,35,NULL,'2019-01-03 16:06:14','2019-01-03 16:06:14'),(147,81,18,36,NULL,'2019-01-03 16:06:14','2019-01-03 16:06:14'),(148,81,18,37,NULL,'2019-01-03 16:06:14','2019-01-03 16:06:14'),(149,81,18,38,NULL,'2019-01-03 16:06:14','2019-01-03 16:06:14'),(150,81,18,39,NULL,'2019-01-03 16:06:14','2019-01-03 16:06:14'),(151,81,18,15,NULL,'2019-01-03 16:06:14','2019-01-03 16:06:14'),(152,81,18,16,NULL,'2019-01-03 16:06:14','2019-01-03 16:06:14'),(153,81,18,17,NULL,'2019-01-03 16:06:14','2019-01-03 16:06:14'),(160,47,22,44,NULL,'2019-01-04 20:24:53','2019-01-04 20:24:53'),(161,47,22,31,NULL,'2019-01-04 20:24:53','2019-01-04 20:24:53'),(162,47,22,32,NULL,'2019-01-04 20:24:53','2019-01-04 20:24:53'),(163,47,22,36,NULL,'2019-01-04 20:24:53','2019-01-04 20:24:53'),(164,47,22,38,NULL,'2019-01-04 20:24:53','2019-01-04 20:24:53'),(165,47,22,39,NULL,'2019-01-04 20:24:53','2019-01-04 20:24:53'),(166,47,23,44,NULL,'2019-01-14 03:05:45','2019-01-14 03:05:45'),(167,47,23,31,NULL,'2019-01-14 03:05:45','2019-01-14 03:05:45'),(168,47,23,32,NULL,'2019-01-14 03:05:45','2019-01-14 03:05:45'),(169,47,23,36,NULL,'2019-01-14 03:05:45','2019-01-14 03:05:45'),(170,47,23,38,NULL,'2019-01-14 03:05:45','2019-01-14 03:05:45'),(183,47,24,43,NULL,'2019-01-14 03:14:11','2019-01-14 03:14:11'),(184,47,24,44,NULL,'2019-01-14 03:14:11','2019-01-14 03:14:11'),(185,47,24,32,NULL,'2019-01-14 03:14:11','2019-01-14 03:14:11'),(186,47,24,36,NULL,'2019-01-14 03:14:11','2019-01-14 03:14:11'),(187,47,24,38,NULL,'2019-01-14 03:14:11','2019-01-14 03:14:11'),(188,47,24,14,NULL,'2019-01-14 03:14:11','2019-01-14 03:14:11'),(245,47,25,43,NULL,'2019-01-14 03:25:06','2019-01-14 03:25:06'),(246,47,25,44,NULL,'2019-01-14 03:25:06','2019-01-14 03:25:06'),(247,47,25,31,NULL,'2019-01-14 03:25:06','2019-01-14 03:25:06'),(248,47,25,32,NULL,'2019-01-14 03:25:06','2019-01-14 03:25:06'),(249,47,25,36,NULL,'2019-01-14 03:25:06','2019-01-14 03:25:06'),(250,47,25,38,NULL,'2019-01-14 03:25:06','2019-01-14 03:25:06'),(251,47,25,39,NULL,'2019-01-14 03:25:06','2019-01-14 03:25:06'),(252,47,25,14,NULL,'2019-01-14 03:25:06','2019-01-14 03:25:06'),(253,47,26,44,NULL,'2019-01-14 03:35:54','2019-01-14 03:35:54'),(254,47,26,45,NULL,'2019-01-14 03:35:54','2019-01-14 03:35:54'),(255,47,26,30,NULL,'2019-01-14 03:35:54','2019-01-14 03:35:54'),(256,47,26,31,NULL,'2019-01-14 03:35:54','2019-01-14 03:35:54'),(257,47,26,32,NULL,'2019-01-14 03:35:54','2019-01-14 03:35:54'),(258,47,26,36,NULL,'2019-01-14 03:35:54','2019-01-14 03:35:54'),(259,47,26,38,NULL,'2019-01-14 03:35:54','2019-01-14 03:35:54'),(260,47,26,39,NULL,'2019-01-14 03:35:54','2019-01-14 03:35:54'),(261,47,26,14,NULL,'2019-01-14 03:35:54','2019-01-14 03:35:54'),(262,47,27,45,NULL,'2019-01-14 03:38:47','2019-01-14 03:38:47'),(263,47,27,30,NULL,'2019-01-14 03:38:47','2019-01-14 03:38:47'),(264,47,27,32,NULL,'2019-01-14 03:38:47','2019-01-14 03:38:47'),(265,47,27,36,NULL,'2019-01-14 03:38:47','2019-01-14 03:38:47'),(266,47,27,38,NULL,'2019-01-14 03:38:47','2019-01-14 03:38:47'),(267,47,27,39,NULL,'2019-01-14 03:38:47','2019-01-14 03:38:47'),(268,47,27,14,NULL,'2019-01-14 03:38:47','2019-01-14 03:38:47'),(269,47,28,44,NULL,'2019-01-14 03:43:27','2019-01-14 03:43:27'),(270,47,28,32,NULL,'2019-01-14 03:43:27','2019-01-14 03:43:27'),(271,47,28,36,NULL,'2019-01-14 03:43:27','2019-01-14 03:43:27'),(272,47,28,38,NULL,'2019-01-14 03:43:27','2019-01-14 03:43:27'),(273,47,28,39,NULL,'2019-01-14 03:43:27','2019-01-14 03:43:27'),(274,47,28,14,NULL,'2019-01-14 03:43:27','2019-01-14 03:43:27'),(275,47,29,30,NULL,'2019-01-14 03:50:44','2019-01-14 03:50:44'),(276,47,29,31,NULL,'2019-01-14 03:50:44','2019-01-14 03:50:44'),(277,47,29,32,NULL,'2019-01-14 03:50:44','2019-01-14 03:50:44'),(278,47,29,36,NULL,'2019-01-14 03:50:44','2019-01-14 03:50:44'),(279,47,29,38,NULL,'2019-01-14 03:50:44','2019-01-14 03:50:44'),(280,47,29,39,NULL,'2019-01-14 03:50:44','2019-01-14 03:50:44'),(281,47,29,14,NULL,'2019-01-14 03:50:44','2019-01-14 03:50:44'),(282,47,30,31,NULL,'2019-01-14 03:53:34','2019-01-14 03:53:34'),(283,47,30,32,NULL,'2019-01-14 03:53:34','2019-01-14 03:53:34'),(284,47,30,36,NULL,'2019-01-14 03:53:34','2019-01-14 03:53:34'),(285,47,30,38,NULL,'2019-01-14 03:53:34','2019-01-14 03:53:34'),(286,47,30,39,NULL,'2019-01-14 03:53:34','2019-01-14 03:53:34'),(287,47,31,31,NULL,'2019-01-14 03:56:57','2019-01-14 03:56:57'),(288,47,31,32,NULL,'2019-01-14 03:56:57','2019-01-14 03:56:57'),(289,47,31,36,NULL,'2019-01-14 03:56:57','2019-01-14 03:56:57'),(290,47,31,38,NULL,'2019-01-14 03:56:57','2019-01-14 03:56:57'),(291,47,31,39,NULL,'2019-01-14 03:56:57','2019-01-14 03:56:57'),(292,47,31,14,NULL,'2019-01-14 03:56:57','2019-01-14 03:56:57'),(293,47,32,44,NULL,'2019-01-14 04:00:00','2019-01-14 04:00:00'),(294,47,32,30,NULL,'2019-01-14 04:00:00','2019-01-14 04:00:00'),(295,47,32,31,NULL,'2019-01-14 04:00:00','2019-01-14 04:00:00'),(296,47,32,32,NULL,'2019-01-14 04:00:00','2019-01-14 04:00:00'),(297,47,32,36,NULL,'2019-01-14 04:00:00','2019-01-14 04:00:00'),(298,47,32,38,NULL,'2019-01-14 04:00:00','2019-01-14 04:00:00'),(299,47,32,39,NULL,'2019-01-14 04:00:00','2019-01-14 04:00:00'),(300,47,33,44,NULL,'2019-01-14 04:03:24','2019-01-14 04:03:24'),(301,47,33,30,NULL,'2019-01-14 04:03:24','2019-01-14 04:03:24'),(302,47,33,31,NULL,'2019-01-14 04:03:24','2019-01-14 04:03:24'),(303,47,33,32,NULL,'2019-01-14 04:03:24','2019-01-14 04:03:24'),(304,47,33,36,NULL,'2019-01-14 04:03:24','2019-01-14 04:03:24'),(305,47,33,38,NULL,'2019-01-14 04:03:24','2019-01-14 04:03:24'),(306,47,33,39,NULL,'2019-01-14 04:03:24','2019-01-14 04:03:24'),(307,47,34,44,NULL,'2019-01-14 04:08:38','2019-01-14 04:08:38'),(308,47,34,31,NULL,'2019-01-14 04:08:38','2019-01-14 04:08:38'),(309,47,34,32,NULL,'2019-01-14 04:08:38','2019-01-14 04:08:38'),(310,47,34,36,NULL,'2019-01-14 04:08:38','2019-01-14 04:08:38'),(311,47,34,38,NULL,'2019-01-14 04:08:38','2019-01-14 04:08:38'),(312,47,34,39,NULL,'2019-01-14 04:08:38','2019-01-14 04:08:38'),(313,47,35,31,NULL,'2019-01-14 04:12:29','2019-01-14 04:12:29'),(314,47,35,32,NULL,'2019-01-14 04:12:29','2019-01-14 04:12:29'),(315,47,35,36,NULL,'2019-01-14 04:12:29','2019-01-14 04:12:29'),(316,47,35,38,NULL,'2019-01-14 04:12:29','2019-01-14 04:12:29'),(317,47,35,39,NULL,'2019-01-14 04:12:29','2019-01-14 04:12:29');
/*!40000 ALTER TABLE `property_amenities` ENABLE KEYS */;
UNLOCK TABLES;

--
-- Table structure for table `property_managements`
--

DROP TABLE IF EXISTS `property_managements`;
/*!40101 SET @saved_cs_client     = @@character_set_client */;
 SET character_set_client = utf8mb4 ;
CREATE TABLE `property_managements` (
  `id` int(10) unsigned NOT NULL AUTO_INCREMENT,
  `user_id` int(10) unsigned NOT NULL,
  `token` varchar(255) DEFAULT NULL,
  `Property_title` varchar(255) DEFAULT NULL,
  `Property_Description` text,
  `price_currency_type` varchar(255) DEFAULT NULL,
  `price` int(10) unsigned DEFAULT NULL,
  `Bedrooms` varchar(255) DEFAULT NULL,
  `Bathroom` int(10) DEFAULT NULL,
  `Location` varchar(255) NOT NULL,
  `loc_lat` varchar(255) NOT NULL,
  `loc_long` varchar(255) NOT NULL,
  `city` varchar(255) DEFAULT NULL,
  `country` varchar(255) DEFAULT NULL,
  `borough` int(11) NOT NULL,
  `neighborhood` int(11) NOT NULL,
  `Full_Address1` text,
  `Full_Address2` text,
  `display_address` text,
  `zipcode` varchar(255) DEFAULT NULL,
  `Rent_currency_type` varchar(255) DEFAULT NULL,
  `Rent` int(10) unsigned DEFAULT NULL,
  `unit_rent` varchar(255) DEFAULT NULL,
  `Bills` varchar(255) DEFAULT NULL,
  `Deposit` varchar(255) DEFAULT NULL,
  `Room_size` varchar(255) DEFAULT NULL,
  `Block_time_count` int(10) unsigned DEFAULT NULL,
  `imagecount` int(10) unsigned DEFAULT NULL,
  `nearest_busstop` varchar(255) NOT NULL,
  `created_at` timestamp NOT NULL DEFAULT CURRENT_TIMESTAMP ON UPDATE CURRENT_TIMESTAMP,
  `updated_at` timestamp NOT NULL DEFAULT '0000-00-00 00:00:00',
  PRIMARY KEY (`id`)
) ENGINE=InnoDB AUTO_INCREMENT=36 DEFAULT CHARSET=utf8;
/*!40101 SET character_set_client = @saved_cs_client */;

--
-- Dumping data for table `property_managements`
--

LOCK TABLES `property_managements` WRITE;
/*!40000 ALTER TABLE `property_managements` DISABLE KEYS */;
INSERT INTO `property_managements` VALUES (1,2,'1GVi0YFFGmtIKr3BRDSkKU9fMCfIcK2L7WKoVrRtNaOUP66vHT','Test Apartment','<p>awdasrfsdgfdyhfdhfghfgjfvk</p>',NULL,NULL,'3',2,'G.P. Block, Nalban Bheri, Dhapa, Bidhannagar, West Bengal','22.567233','88.43630099999996','',NULL,0,11,'GP Block, Sector V, Salt Lake City','','GP Block, Sector V, Salt Lake City','','US$',2500,'per month','','','',0,NULL,'','2018-12-21 12:50:28','2018-12-21 12:50:28'),(2,2,'z1voPWImrJf3zWNbhIOt6enlmxpLQ1k6mf7OOY3k80VSslntZB','New Test Apartment','<p>jkdfhsdhfskduhfkusdhfulsdhfisdhy</p>',NULL,NULL,'studio',2,'G.P. Block, Nalban Bheri, Dhapa, Bidhannagar, West Bengal','22.567233','88.43630099999996','',NULL,0,24,'GP Block, Sector V, Salt Lake City','','GP Block, Sector V, Salt Lake City','','US$',2500,'per month','','','',0,NULL,'','2018-12-21 08:25:10','2018-12-21 08:25:10'),(3,5,'sdytkGzJB5wDG0YXJk3P8x6bRk6jOVchmdeKEKpEZxhyOBlfKx','Penthouse','<p>sadfsdfsdfsdfdsfsdfsadfsadfsefggfdgdf</p>',NULL,NULL,'studio',3,'G.P. Block, Nalban Bheri, Dhapa, Bidhannagar, West Bengal','22.567233','88.43630099999996','',NULL,0,128,'GP Block, Sector V, Salt Lake City','','GP Block, Sector V, Salt Lake City','','US$',3000,'per month','','','',0,NULL,'','2018-12-21 08:27:20','2018-12-21 08:27:20'),(4,40,'huoVKuXQR53DY2ZqoS6Mh3cAgx7FwDcnEAJeeOf8yYSJS3Q8AA','Property for test','<p>Property for test&nbsp; 1</p>',NULL,NULL,'studio',10,'Kolkata Railway Station (Chitpur Station), Belgachia, Kolkata, West Bengal, India','22.60183739999999','88.38308380000001','',NULL,0,18,'Kolkata Railway Station (Chitpur Station), Belgachia, Kolkata, West Bengal, India','',NULL,'','US$',100,'per month','','','',0,NULL,'','2018-12-21 12:23:54','2018-12-21 12:23:54'),(5,48,'nui5jxbfxt3hN94wDBsNQldFrDqiYmYg8icMsy4BCMh2L32bev','Soumen Apartment','<p>asdjfsdklfsfsdfhkjsdhsdkf</p>',NULL,NULL,'studio',2,'G.P. Block, Nalban Bheri, Dhapa, Bidhannagar, West Bengal','22.567233','88.43630099999996','',NULL,0,12,'GP Block, Sector V, Salt Lake City','','GP Block, Sector V, Salt Lake City','','US$',2500,'per month','','','',0,NULL,'','2018-12-21 12:46:56','2018-12-21 12:46:56'),(6,38,'yaPY1qxxPxt68xAI36iSwxnrlW1Hy5l0H40J6ceoZzAEBf2mKb','My Sweet Home','<p>Lorem Ipsum is simply a dummy text used in typing and type-setting industry since the year 1800.</p>',NULL,NULL,'2',4,'Kolkata, West Bengal, India','22.572646','88.36389499999996','',NULL,0,12,'101 Washington heights street.','',NULL,'','US$',100,'per month','','','',0,NULL,'','2018-12-21 14:35:39','2018-12-21 14:35:39'),(7,1,'A7lYKV1oqquyv8O3y07AyNslOMjVBueBmG7WWW2pZyKf8bxBje','123 Lexington Ave. Apt. 3, New York, NY 10016','<p><strong>123 Lexington Ave. Apt. 3, New York, NY 10016 </strong></p>',NULL,NULL,'1',1,'123 Lexington Avenue, New York, NY, USA','40.7427536','-73.9820674','',NULL,0,17,'123 Lexington Ave. Apt. 3, New York, NY 10016','','123 Lexington Ave. Apt. 3, New York, NY 10016','','US$',2400,'per month','','','',0,NULL,'','2019-01-03 02:04:27','2019-01-03 02:04:27'),(9,40,'gsNhvL1ZZKPZHOGzq2miCbcuIRBR2RiKmqWMvWi2UjjjHiRwHJ','401 West 57th St, Apt 5B, New York, NY 10019','<p>DETAILS:</p>\r\n\r\n<p>- Live in super.</p>\r\n\r\n<p>- Pets allow ($500 Pet fee).</p>\r\n\r\n<p>- Utilities and cleaning not included on the rent.</p>\r\n\r\n<p>- Elevator building.</p>\r\n\r\n<p>&nbsp;</p>\r\n\r\n<p>&nbsp;</p>\r\n\r\n<p>DESCRIPTION</p>\r\n\r\n<p>&nbsp;</p>\r\n\r\n<p>THE APARTMENT</p>\r\n\r\n<p>- Huge 1 bed. Apt.</p>\r\n\r\n<p>- High ceilings and lots of natural light.</p>\r\n\r\n<p>- Lots of closet space.&nbsp;</p>\r\n\r\n<p>- Full size eat in Kitchen with (Fully stocked), coffee maker, toaster, etc.</p>\r\n\r\n<p>- Wireless internet &amp; Flat screen TV, basic cable.&nbsp; <a name=\"_GoBack\"></a></p>\r\n\r\n<p>&nbsp;</p>\r\n\r\n<p>LOCATION</p>\r\n\r\n<p>- Located on 57th ST and 9th Ave.&nbsp;</p>\r\n\r\n<p>- One block to Columbus circle and two from Central Park.</p>\r\n\r\n<p>- Steps to the subway (1-A-B-C-D)</p>',NULL,NULL,'studio',2,'401 W 57th St, New York, NY, USA','40.7681749','-73.98592099999996','',NULL,0,24,'401 West 57th St, Apt 5B, New York, NY 10019','',NULL,'','US$',10,'per month','','','',0,NULL,'','2019-01-03 06:32:11','2019-01-03 06:32:11'),(10,1,'cSraTeZPPeLakB2WZZ7MZhK31cUvoh0QkPir6Q2KHL0iXo9npD','401 West 57th St, Apt 3A, New York, NY 10019','<p>DETAILS:<br />\r\n- Live in super.<br />\r\n- Pets allow ($500 Pet fee).<br />\r\n- Utilities and cleaning not included on the rent.<br />\r\n- Elevator building.</p>\r\n\r\n<p><br />\r\nDESCRIPTION</p>\r\n\r\n<p>THE APARTMENT<br />\r\n- Huge 1 bed. Apt. (Corner unit)<br />\r\n- High ceilings and lots of natural light.<br />\r\n- Lots of closet space.&nbsp;<br />\r\n- Full size eat in Kitchen with (Fully stocked), coffee maker, toaster, etc.<br />\r\n- Wireless internet &amp; Flat screen TV, basic cable.&nbsp;<br />\r\n- Newly renovated.</p>',NULL,NULL,'1',0,'401 W 57th St, New York, NY, USA','40.7681749','-73.98592099999996','',NULL,0,20,'- Located on 57th ST and 9th Ave.  \r\n- One block to Columbus circle and two from Central Park. \r\n- Steps to the subway (1-A-B-C-D)','',NULL,'','US$',3895,'per month','','','',0,NULL,'','2019-01-03 07:12:00','2019-01-03 07:12:00'),(12,2,'QeT4w7JBphgNPqNNik1sxMealzyje6prbdSrwgZ2AJicFaWANS','410 West 46th St, Apt 2B, New York, NY 10036','<p>DETAILS:<br />\r\n- Live in super.<br />\r\n- Pets allow ($500 pet fee).<br />\r\n- Utilities and cleaning not included on the rent.</p>\r\n\r\n<p><br />\r\nDESCRIPTION<br />\r\nTHE APARTMENT<br />\r\n- Huge 1 bed. Apt.<br />\r\n- High ceilings and lots of natural light.<br />\r\n- Lots of closet space.&nbsp;<br />\r\n- Huge full size eat in Kitchen with (Fully stocked), coffee maker, toaster, etc.<br />\r\n- Wireless internet &amp; Flat screen TV, basic cable.&nbsp;<br />\r\n- Newly renovated.<br />\r\n- Queen size bed.<br />\r\n- Hardwood floors.</p>',NULL,NULL,'1',1,'410 West 46th Street, New York, NY, USA','40.7610837','-73.99169289999997','',NULL,0,127,'- Located on 46th St and 9th Ave. \r\n- Walking distance to Time Square, Columbus Circle. \r\n- Steps from Time Square train Station.','','- Located on 46th St and 9th Ave. \r\n- Walking distance to Time Square, Columbus Circle. \r\n- Steps from Time Square train Station.','','US$',3795,'per month','','','',0,NULL,'','2019-01-03 08:07:42','2019-01-03 08:07:42'),(14,2,'KrhLiw8lSxE0RcDvqs0QlGXp7LqlZP74cH1B9C1zGEzZb2rBMU','424 West 57th St, Apt 5A, New York, NY 10019','<p>DETAILS:<br />\r\n- Live in super.<br />\r\n- NO Pets.<br />\r\n- Utilities and cleaning not included on the rent.<br />\r\n- Elevator and laundry in the building.</p>\r\n\r\n<p>DESCRIPTION</p>\r\n\r\n<p>THE APARTMENT<br />\r\n- Big 1 bed. Apt.<br />\r\n- High ceilings and lots of natural light.<br />\r\n- Lots of closet space.&nbsp;<br />\r\n- Full size Kitchen with (Fully stocked), dishwasher, coffee maker, toaster, etc.<br />\r\n- Wireless internet &amp; Flat screen TV, basic cable.&nbsp;<br />\r\n- Pull out couch.</p>',NULL,NULL,'1',1,'424 West 57th Street, New York, NY, USA','40.76819009999999','-73.98702029999998','',NULL,0,20,'- Located on 57th ST and 9th Ave.  \r\n- One block to Columbus circle and two from Central Park. \r\n- Steps to the subway (1-A-B-C-D)','','- Located on 57th ST and 9th Ave.  \r\n- One block to Columbus circle and two from Central Park. \r\n- Steps to the subway (1-A-B-C-D)','','US$',3595,'per month','','','',0,NULL,'','2019-01-03 09:10:24','2019-01-03 09:10:24'),(15,40,'ZUS0h94G2rSI8tRGGsEHJ4uUeJ6pgRQlnobblVmRCfMybwQnBK','401 West 57th St, Apt 2C, New York, NY 10019','<p>DETAILS:</p>\r\n\r\n<p>- Live in super.</p>\r\n\r\n<p>- Pets allow ($500 Pet fee).</p>\r\n\r\n<p>- Utilities and cleaning not included on the rent.</p>\r\n\r\n<p>- Laundry in the unit.</p>\r\n\r\n<p>- Elevator building.</p>\r\n\r\n<p>&nbsp;</p>\r\n\r\n<p>&nbsp;</p>\r\n\r\n<p>DESCRIPTION</p>\r\n\r\n<p>&nbsp;</p>\r\n\r\n<p>THE APARTMENT</p>\r\n\r\n<p>- Huge two bed apt.</p>\r\n\r\n<p>- High ceilings and lots of natural light.</p>\r\n\r\n<p>- Lots of closet space.&nbsp;</p>\r\n\r\n<p>- Full size eat in Kitchen with (Fully stocked), coffee maker, toaster, etc.</p>\r\n\r\n<p>- Wireless internet &amp; Flat screen TV, basic cable.&nbsp;</p>\r\n\r\n<p>- Newly renovated.</p>',NULL,NULL,'studio',1,'401 West 57th Street, New York, NY, USA','40.7681749','-73.98592099999996','',NULL,0,20,'LOCATION\r\n-Located on 57th ST and 9th Ave.\r\n-One block to Columbus circle and two from Central Park.\r\n- Steps to the subway (1-A-B-C-D)','','LOCATION\r\n-Located on 57th ST and 9th Ave.\r\n-One block to Columbus circle and two from Central Park.\r\n- Steps to the subway (1-A-B-C-D)','','US$',4995,'per month','','','',0,NULL,'','2019-01-03 11:15:50','2019-01-03 11:15:50'),(17,1,'r1FWBHX6J1k4Evb5ROFF9I7D31CgkyBOoAHkrx8WxkDWLnlb0E','401 West 57th St, Apt 3A, New York, NY 10019','<p>&nbsp;</p>\r\n\r\n<p style=\"margin: 16px 0px;\"><span style=\"font-family:calibri; font-size:11pt; margin:0px\"><font color=\"#000000\">THE APARTMENT</font></span></p>\r\n\r\n<p style=\"margin: 16px 0px;\"><span style=\"font-family:calibri; font-size:11pt; margin:0px\"><font color=\"#000000\">- Huge 1 bed. Apt. (Corner unit) </font></span></p>\r\n\r\n<p style=\"margin: 16px 0px;\"><span style=\"font-family:calibri; font-size:11pt; margin:0px\"><font color=\"#000000\">- High ceilings and lots of natural light.</font></span></p>\r\n\r\n<p style=\"margin: 16px 0px;\"><span style=\"font-family:calibri; font-size:11pt; margin:0px\"><font color=\"#000000\">- Lots of closet space. &nbsp;</font></span></p>\r\n\r\n<p style=\"margin: 16px 0px;\"><span style=\"font-family:calibri; font-size:11pt; margin:0px\"><font color=\"#000000\">- Full size eat in Kitchen with (Fully stocked), coffee maker, toaster, etc. </font></span></p>\r\n\r\n<p style=\"margin: 16px 0px;\"><span style=\"font-family:calibri; font-size:11pt; margin:0px\"><font color=\"#000000\">- Wireless internet &amp; Flat screen TV, basic cable. &nbsp;</font></span></p>\r\n\r\n<p style=\"margin: 0px;\"><span style=\"font-family:calibri; font-size:10.5pt; margin:0px\"><font color=\"#000000\">- Newly renovated.</font></span></p>',NULL,NULL,'1',2,'401 West 57th Street, New York, NY, USA','40.7681749','-73.98592099999996','',NULL,0,6,'- Located on 57th ST and 9th Ave.  \r\n- One block to Columbus circle and two from Central Park. \r\n- Steps to the subway (1-A-B-C-D)','','- Located on 57th ST and 9th Ave.  \r\n- One block to Columbus circle and two from Central Park. \r\n- Steps to the subway (1-A-B-C-D)','','US$',3895,'per month','','','',0,NULL,'','2019-01-03 16:01:04','2019-01-03 16:01:04'),(18,81,'TqbmrTOHsXDr9ISwGJb8Gn753vy7llxho83HCr8ULfcElRrYg6','410 West 46th St, Apt 2B, New York, NY 10036','<p>THE APARTMENT</p>\r\n\r\n<p>- Huge 1 bed. Apt.</p>\r\n\r\n<p>- High ceilings and lots of natural light.</p>\r\n\r\n<p>- Lots of closet space. &nbsp;</p>\r\n\r\n<p>- Huge full size eat in Kitchen with (Fully stocked), coffee maker, toaster, etc.</p>\r\n\r\n<p>- Wireless internet &amp; Flat screen TV, basic cable. &nbsp;</p>\r\n\r\n<p>- Newly renovated.</p>\r\n\r\n<p>- Queen size bed.</p>\r\n\r\n<p>- Hardwood floors.</p>',NULL,NULL,'1',1,'410 West 46th Street, New York, NY, USA','40.7610837','-73.99169289999997','',NULL,0,7,'- Located on 46th St and 9th Ave. \r\n- Walking distance to Time Square, Columbus Circle. \r\n- Steps from Time Square train Station.','','- Located on 46th St and 9th Ave. \r\n- Walking distance to Time Square, Columbus Circle. \r\n- Steps from Time Square train Station.','','US$',3795,'per month','','','',0,NULL,'','2019-01-03 16:06:11','2019-01-03 16:06:11'),(22,47,'NODPdo3oGNENFgydgB7oZVg2R7yhySsp3DE0kA5gsknfmRHXLi','Fully Furnished 1BR Midtown West','<p>NEIGHBORHOOD: Midtown West.</p>\r\n\r\n<p>&nbsp;</p>\r\n\r\n<p>DETAILS:</p>\r\n\r\n<p>- Live in super.</p>\r\n\r\n<p>- Elevator building.</p>\r\n\r\n<p>&nbsp;</p>\r\n\r\n<p>&nbsp;</p>\r\n\r\n<p>DESCRIPTION</p>\r\n\r\n<p>&nbsp;</p>\r\n\r\n<p>THE APARTMENT</p>\r\n\r\n<p>- Newly Renovated 1 bed. Apt.</p>\r\n\r\n<p>- High ceilings and lots of natural light.</p>\r\n\r\n<p>- Full size eat in Kitchen with (Fully stocked), coffee maker, toaster, etc.</p>\r\n\r\n<p>- Wireless internet &amp; Flat screen TV, basic cable.&nbsp;</p>\r\n\r\n<p>- Pull out couch.</p>\r\n\r\n<p>&nbsp;</p>\r\n\r\n<p>LOCATION</p>\r\n\r\n<p>- Located on 57th ST and 9th Ave.&nbsp;</p>\r\n\r\n<p>- One block to Columbus circle and two from Central Park.</p>\r\n\r\n<p>- Steps to the subway (1-A-B-C-D).</p>\r\n\r\n<p>- Walking distance to Time Square.</p>\r\n\r\n<p>&nbsp;</p>',NULL,NULL,'1',1,'W.58th Street & 9th Avenue','40.7637581','-73.99181809999999','',NULL,0,20,'Midtown West, Manhattan, New York, NY, USA','','Midtown West, Manhattan, New York, NY, USA','','US$',2400,'per month','','','',0,NULL,'','2019-01-04 20:23:34','2019-01-04 20:23:34'),(23,47,'VxuiKPmLEUFMW5ACi4Lx7tRNU3VeyOihn09SaomMSph4aeIQ8Z','Midtown West 1BR Fully Furnished','<p>DETAILS:</p>\r\n\r\n<p>- Live in super.</p>\r\n\r\n<p>- Utilities and cleaning not included on the rent.</p>\r\n\r\n<p>- Elevator building.</p>\r\n\r\n<p>&nbsp;&nbsp;&nbsp;&nbsp;&nbsp;&nbsp;&nbsp;&nbsp;&nbsp;&nbsp;&nbsp;&nbsp;&nbsp;&nbsp;&nbsp;&nbsp;&nbsp;&nbsp;&nbsp;&nbsp;&nbsp;&nbsp;&nbsp;&nbsp;&nbsp;&nbsp;&nbsp;&nbsp;&nbsp;&nbsp;&nbsp;&nbsp;&nbsp;&nbsp;&nbsp;&nbsp;&nbsp;&nbsp;&nbsp;&nbsp;&nbsp;&nbsp;&nbsp;&nbsp;&nbsp;&nbsp;&nbsp;</p>\r\n\r\n<p>&nbsp;</p>\r\n\r\n<p>DESCRIPTION</p>\r\n\r\n<p>&nbsp;</p>\r\n\r\n<p>THE APARTMENT</p>\r\n\r\n<p>- Newly Renovated 1 bed. Apt.</p>\r\n\r\n<p>- High ceilings and lots of natural light.</p>\r\n\r\n<p>- Full size eat in Kitchen with (Fully stocked), coffee maker, toaster, etc.</p>\r\n\r\n<p>- Wireless internet &amp; Flat screen TV.&nbsp;</p>\r\n\r\n<p>- Pull out couch.</p>\r\n\r\n<p>&nbsp;</p>\r\n\r\n<p>LOCATION</p>\r\n\r\n<p>- Located on 57th ST and 9th Ave.&nbsp;</p>\r\n\r\n<p>- One block to Columbus circle and two from Central Park.</p>\r\n\r\n<p>- Steps to the subway (1-A-B-C-D).</p>\r\n\r\n<p>- Walking distance to Time Square.</p>\r\n\r\n<p>&nbsp;</p>',NULL,NULL,'1',1,'Manhattan, New York, NY, USA','40.7830603','-73.97124880000001','',NULL,0,20,'W.58 & 9 Ave','','W.58 & 9 Ave','','US$',2400,'per month','','','',0,NULL,'','2019-01-14 03:05:40','2019-01-14 03:05:40'),(24,47,'NcaOGG7DhuaAEene7RWjs4HQrFoZmxjQUgkLvLIcfFzgVH9TaX','Midtown East 1BR Doorman Building Fully Furnished','<p>&nbsp;</p>\r\n\r\n<p>DETAILS:</p>\r\n\r\n<p>- Doorman building.</p>\r\n\r\n<p>- Elevator and laundry on the building.</p>\r\n\r\n<p>- Live In super.</p>\r\n\r\n<p>- Utilities and cleaning not included on the rent.</p>\r\n\r\n<p>- No pets allow.</p>\r\n\r\n<p>DESCRIPTION</p>\r\n\r\n<p>THE APARTMENT</p>\r\n\r\n<p>- Very spacious and bright apt.</p>\r\n\r\n<p>- Lots of Natural Light.</p>\r\n\r\n<p>- True 1 bedroom / 1 bathroom, Separate Living room, separate kitchen and dining area.</p>\r\n\r\n<p>&nbsp; (Queen Bed).</p>\r\n\r\n<p>- Wireless internet &amp; Flat screen TV, basic cable.&nbsp;<br />\r\n- Full size Kitchen with (Fully stocked), stove-top, toaster oven, coffee maker.</p>\r\n\r\n<p>- Pull out couch.</p>\r\n\r\n<p>- Marble Bathroom.</p>\r\n\r\n<p>- Hardwood Floors.</p>\r\n\r\n<p>&nbsp;</p>\r\n\r\n<p>THE LOCATION<br />\r\n- Located in Midtown East, 43rd St and 2nd Ave.<br />\r\n- One block from subway (4-5-6-7-S)</p>\r\n\r\n<p>-Few Steps from United Nations, Close to Central Park, Grand Central etc.</p>\r\n\r\n<p>&nbsp;</p>\r\n\r\n<p>&nbsp;</p>\r\n\r\n<p>&nbsp;</p>',NULL,NULL,'1',1,'Manhattan, New York, NY, USA','40.7830603','-73.97124880000001','',NULL,0,17,'E. 43 & 2 Ave','','E. 43 & 2 Ave','','US$',3000,'per month','','','',0,NULL,'','2019-01-14 03:13:59','2019-01-14 03:13:59'),(25,47,'EKaZKiBeEqmIkLn2L1nNX1gOYnq1SFFTuRV8dDVU91sNwKXyTi','Midtown East Studio Doorman Building Fully Furnished','<p>&nbsp;</p>\r\n\r\n<p>DETAILS:</p>\r\n\r\n<p>- Doorman building.</p>\r\n\r\n<p>- Elevator and laundry on the building.</p>\r\n\r\n<p>- Live In super.</p>\r\n\r\n<p>- Utilities and cleaning not included on the rent.</p>\r\n\r\n<p>- No pets allow.</p>\r\n\r\n<p>DESCRIPTION</p>\r\n\r\n<p>THE APARTMENT</p>\r\n\r\n<p>- Very spacious and bright apt.</p>\r\n\r\n<p>- Lots of Natural Light.</p>\r\n\r\n<p>- True 1 bedroom / 1 bathroom, Separate Living room, separate kitchen and dining area.</p>\r\n\r\n<p>&nbsp; (Queen Bed).</p>\r\n\r\n<p>- Wireless internet &amp; Flat screen TV, basic cable.&nbsp;<br />\r\n- Full size Kitchen with (Fully stocked), stove-top, toaster oven, coffee maker.</p>\r\n\r\n<p>- Pull out couch.</p>\r\n\r\n<p>- Marble Bathroom.</p>\r\n\r\n<p>- Hardwood Floors.</p>\r\n\r\n<p>&nbsp;</p>\r\n\r\n<p>THE LOCATION<br />\r\n- Located in Midtown East, 43rd St and 2nd Ave.<br />\r\n- One block from subway (4-5-6-7-S)</p>\r\n\r\n<p>-Few Steps from United Nations, Close to Central Park, Grand Central etc.</p>\r\n\r\n<p>&nbsp;</p>\r\n\r\n<p>&nbsp;</p>\r\n\r\n<p>&nbsp;</p>',NULL,NULL,'studio',1,'Manhattan, New York, NY, USA','40.7830603','-73.97124880000001','',NULL,0,17,'E. 43 & 2 Ave','','E. 43 & 2 Ave','','US$',2300,'per month','','','',0,NULL,'','2019-01-14 03:22:11','2019-01-14 03:22:11'),(26,47,'rsriOSIu5o9zywPn4dhZXqhVs8MPFv2prAOgzn8GdYLOEtRyPU','Midtown East 2BR Fully Furnished','<p>&nbsp;</p>\r\n\r\n<p>DETAILS:</p>\r\n\r\n<p>- Live in super.</p>\r\n\r\n<p>- NO Pets.</p>\r\n\r\n<p>- Utilities and cleaning not included on the rent.</p>\r\n\r\n<p>-Elevator and Laundry in the building.</p>\r\n\r\n<p>&nbsp;</p>\r\n\r\n<p>DESCRIPTION</p>\r\n\r\n<p>&nbsp;</p>\r\n\r\n<p>THE APARTMENT</p>\r\n\r\n<p>- True two bed apt. / 1bathroom, separate living room.</p>\r\n\r\n<p>- High ceilings and lots of natural light.</p>\r\n\r\n<p>- Lots of closet space. &nbsp;</p>\r\n\r\n<p>- Full size Kitchen with (Fully stocked), coffee maker, toaster, etc.</p>\r\n\r\n<p>- Wireless internet &amp; Flat screen TV, basic cable.&nbsp;</p>\r\n\r\n<p>- Newly renovated.</p>\r\n\r\n<p>&nbsp;</p>\r\n\r\n<p>LOCATION</p>\r\n\r\n<p>-Located on 33rd ST between 3rd Ave and 2nd Ave.</p>\r\n\r\n<p>-Short Walk to Empire State, lots of shops and restaurants, United Nations, etc.&nbsp;</p>\r\n\r\n<p>-Steps to the subway (6 line)</p>\r\n\r\n<p>&nbsp;</p>\r\n\r\n<p>&nbsp;</p>\r\n\r\n<p>&nbsp;</p>',NULL,NULL,'2',1,'Manhattan, New York, NY, USA','40.7830603','-73.97124880000001','',NULL,0,17,'E. 33 & 3 Ave','','E. 33 & 3 Ave','','US$',3200,'per month','','','',0,NULL,'','2019-01-14 03:35:51','2019-01-14 03:35:51'),(27,47,'LqqpFh6xrekKk3DQc1Y7sgtMLNDwu31pE7Y3K5Umix6w0Foyk3','Midtown East 1BR Fully Furnished','<p>DETAILS:</p>\r\n\r\n<p>- Live in super.</p>\r\n\r\n<p>- NO Pets.</p>\r\n\r\n<p>-Two flights up</p>\r\n\r\n<p>&nbsp;</p>\r\n\r\n<p>DESCRIPTION</p>\r\n\r\n<p>&nbsp;</p>\r\n\r\n<p>THE APARTMENT</p>\r\n\r\n<p>- Huge 1BR apartment.</p>\r\n\r\n<p>- High ceilings and lots of natural lights.</p>\r\n\r\n<p>- Lots of closet space. &nbsp;</p>\r\n\r\n<p>- Full size Kitchen with (Fully stocked), coffee maker, toaster, etc.</p>\r\n\r\n<p>- Wireless internet &amp; Flat screen TV.&nbsp;</p>\r\n\r\n<p>- Newly renovated.</p>\r\n\r\n<p>- Sofa bed.</p>\r\n\r\n<p>- Queen size bed.</p>\r\n\r\n<p>&nbsp;</p>\r\n\r\n<p>LOCATION</p>\r\n\r\n<p>-Located on 55th ST and 2nd Ave.</p>\r\n\r\n<p>-Steps to the subway (6,E,M,N,Q,R line)</p>\r\n\r\n<p>&nbsp;</p>\r\n\r\n<p>&nbsp;</p>\r\n\r\n<p>&nbsp;</p>',NULL,NULL,'1',1,'Manhattan, New York, NY, USA','40.7830603','-73.97124880000001','',NULL,0,17,'E. 55 & 2 Ave','','E. 55 & 2 Ave','','US$',2500,'per month','','','',0,NULL,'','2019-01-14 03:38:46','2019-01-14 03:38:46'),(28,47,'RtvSeBpdVLv9j7Opn16z3sf8AewnCqyVzMpul2hBDWFLsEjPGB','Midtown West 1BR Fully Furnished','<p>DETAILS:</p>\r\n\r\n<p>- Live in super.</p>\r\n\r\n<p>- Pets allow ($500 Pet fee).</p>\r\n\r\n<p>- Utilities and cleaning not included on the rent.</p>\r\n\r\n<p>- Elevator building.</p>\r\n\r\n<p>&nbsp;</p>\r\n\r\n<p>&nbsp;</p>\r\n\r\n<p>DESCRIPTION</p>\r\n\r\n<p>&nbsp;</p>\r\n\r\n<p>THE APARTMENT</p>\r\n\r\n<p>- Newly Renovated 1 bed. Apt.</p>\r\n\r\n<p>- High ceilings and lots of natural light.</p>\r\n\r\n<p>- Full size eat in Kitchen with (Fully stocked), coffee maker, toaster, etc.</p>\r\n\r\n<p>- Wireless internet &amp; Flat screen TV, basic cable.&nbsp;</p>\r\n\r\n<p>- Pull out couch.</p>\r\n\r\n<p>&nbsp;</p>\r\n\r\n<p>LOCATION</p>\r\n\r\n<p>- Located on 57th ST and 9th Ave.&nbsp;</p>\r\n\r\n<p>- One block to Columbus circle and two from Central Park.</p>\r\n\r\n<p>- Steps to the subway (1-A-B-C-D).</p>\r\n\r\n<p>- Walking distance to Time Square.</p>\r\n\r\n<p>&nbsp;</p>',NULL,NULL,'1',1,'Manhattan, New York, NY, USA','40.7830603','-73.97124880000001','',NULL,0,20,'W.58 & 9 Ave','','W.58 & 9 Ave','','US$',2600,'per month','','','',0,NULL,'','2019-01-14 03:43:24','2019-01-14 03:43:24'),(29,47,'t95ZFNwyW0KHFhUQAeLzXajZgTCQe8yk7MPfAvEyYu00k4dv3c','Midtown East 1BR Fully Furnished','<p>NEIGHBORHOOD: Midtown East.</p>\r\n\r\n<p>&nbsp;</p>\r\n\r\n<p>DETAILS:</p>\r\n\r\n<p>- Live in super.</p>\r\n\r\n<p>- NO Pets.</p>\r\n\r\n<p>-Two flights up</p>\r\n\r\n<p>&nbsp;</p>\r\n\r\n<p>DESCRIPTION</p>\r\n\r\n<p>&nbsp;</p>\r\n\r\n<p>THE APARTMENT</p>\r\n\r\n<p>- Huge 1BR apartment.</p>\r\n\r\n<p>- High ceilings and lots of natural lights.</p>\r\n\r\n<p>- Lots of closet space. &nbsp;</p>\r\n\r\n<p>- Full size Kitchen with (Fully stocked), coffee maker, toaster, etc.</p>\r\n\r\n<p>- Wireless internet &amp; Flat screen TV.&nbsp;</p>\r\n\r\n<p>- Newly renovated.</p>\r\n\r\n<p>- Sofa bed.</p>\r\n\r\n<p>- Queen size bed.</p>\r\n\r\n<p>&nbsp;</p>\r\n\r\n<p>LOCATION</p>\r\n\r\n<p>-Located on 55th ST and 2nd Ave.</p>\r\n\r\n<p>-Steps to the subway (6,E,M,N,Q,R line)</p>\r\n\r\n<p>&nbsp;</p>\r\n\r\n<p>&nbsp;</p>\r\n\r\n<p>&nbsp;</p>',NULL,NULL,'1',1,'Manhattan, New York, NY, USA','40.7830603','-73.97124880000001','',NULL,0,17,'E. 55 & 2 Ave','','E. 55 & 2 Ave','','US$',2500,'per month','','','',0,NULL,'','2019-01-14 03:50:43','2019-01-14 03:50:43'),(30,47,'RruWejVRfJFKouOrVeGSoULnGKjpyA4nHRKWQdg7cLs8IU00Cq','Midtown West 1BR Fully Furnished','<p>&nbsp;</p>\r\n\r\n<p>DETAILS:</p>\r\n\r\n<p>- Live in super.</p>\r\n\r\n<p>- Pets allow ($500 Pet fee).</p>\r\n\r\n<p>- Utilities and cleaning not included on the rent.</p>\r\n\r\n<p>- Elevator building.</p>\r\n\r\n<p>&nbsp;</p>\r\n\r\n<p>&nbsp;</p>\r\n\r\n<p>DESCRIPTION</p>\r\n\r\n<p>&nbsp;</p>\r\n\r\n<p>THE APARTMENT</p>\r\n\r\n<p>- Newly Renovated 1 bed. Apt.</p>\r\n\r\n<p>- High ceilings and lots of natural light.</p>\r\n\r\n<p>- Full size eat in Kitchen with (Fully stocked), coffee maker, toaster, etc.</p>\r\n\r\n<p>- Wireless internet &amp; Flat screen TV, basic cable.&nbsp;</p>\r\n\r\n<p>- Pull out couch.</p>\r\n\r\n<p>&nbsp;</p>\r\n\r\n<p>LOCATION</p>\r\n\r\n<p>- Located on 57th ST and 9th Ave.&nbsp;</p>\r\n\r\n<p>- One block to Columbus circle and two from Central Park.</p>\r\n\r\n<p>- Steps to the subway (1-A-B-C-D).</p>\r\n\r\n<p>- Walking distance to Time Square.</p>\r\n\r\n<p>&nbsp;</p>',NULL,NULL,'1',1,'Manhattan, New York, NY, USA','40.7830603','-73.97124880000001','',NULL,0,20,'W.58 & 9 Ave','','W.58 & 9 Ave','','US$',2600,'per month','','','',0,NULL,'','2019-01-14 03:53:31','2019-01-14 03:53:31'),(31,47,'1BVqDgL8WrZsDZb2FsLvDvX0TZcVgrILHzMmPFrksVZ5IZ8RsU','Murray Hill  2BR Fully Furnished','<p>DETAILS:</p>\r\n\r\n<p>- Live in super.</p>\r\n\r\n<p>- NO Pets.</p>\r\n\r\n<p>- Utilities and cleaning not included on the rent.</p>\r\n\r\n<p>&nbsp;</p>\r\n\r\n<p>&nbsp;</p>\r\n\r\n<p>DESCRIPTION</p>\r\n\r\n<p>&nbsp;</p>\r\n\r\n<p>THE APARTMENT</p>\r\n\r\n<p>- True two bed apt. / 1bathroom, separate living room.</p>\r\n\r\n<p>- High ceilings and lots of natural light.</p>\r\n\r\n<p>- Full size Kitchen with (Fully stocked), coffee maker, toaster, etc.</p>\r\n\r\n<p>- Wireless internet &amp; Flat screen TV, basic cable.&nbsp;</p>\r\n\r\n<p>- Newly renovated.</p>\r\n\r\n<p>- One queen bed and full size bed.</p>\r\n\r\n<p>&nbsp;</p>\r\n\r\n<p>LOCATION</p>\r\n\r\n<p>-Located on 33rd ST and 1st Ave. &nbsp;</p>\r\n\r\n<p>-Short Walk to Empire State, lots of shops and restaurants, United Nations, etc.&nbsp;</p>\r\n\r\n<p>-Steps to the subway (6 line)</p>\r\n\r\n<p>&nbsp;</p>\r\n\r\n<p><br />\r\n&nbsp;</p>\r\n\r\n<p>&nbsp;</p>',NULL,NULL,'2',1,'Manhattan, New York, NY, USA','40.7830603','-73.97124880000001','',NULL,0,16,'E. 33 & 1 Ave','','E. 33 & 1 Ave','','US$',3000,'per month','','','',0,NULL,'','2019-01-14 03:56:54','2019-01-14 03:56:54'),(32,47,'HelXwbxhwTj5MuIgbH0Oq0VF6jF8rDxqtbwCe4uyH2yWcM2aEW','Midtown West 1BR Fully Furnished','<p>DETAILS:</p>\r\n\r\n<p>- Live in super.</p>\r\n\r\n<p>- Pets allow ($500 Pet fee).</p>\r\n\r\n<p>- Utilities and cleaning not included on the rent.</p>\r\n\r\n<p>- Washer in the unit.</p>\r\n\r\n<p>- Elevator building.</p>\r\n\r\n<p>&nbsp;</p>\r\n\r\n<p>&nbsp;</p>\r\n\r\n<p>DESCRIPTION</p>\r\n\r\n<p>&nbsp;</p>\r\n\r\n<p>THE APARTMENT</p>\r\n\r\n<p>- Huge 1 bed. Apt. (Corner unit)</p>\r\n\r\n<p>- High ceilings and lots of natural light.</p>\r\n\r\n<p>- Lots of closet space.&nbsp;</p>\r\n\r\n<p>- Full size eat in Kitchen with (Fully stocked), coffee maker, toaster, etc.</p>\r\n\r\n<p>- Wireless internet &amp; Flat screen TV, basic cable.&nbsp;</p>\r\n\r\n<p>- Newly renovated.</p>\r\n\r\n<p>&nbsp;</p>\r\n\r\n<p>LOCATION</p>\r\n\r\n<p>- Located on 57th ST and 9th Ave.&nbsp;</p>\r\n\r\n<p>- One block to Columbus circle and two from Central Park.</p>\r\n\r\n<p>- Steps to the subway (1-A-B-C-D)</p>\r\n\r\n<p>&nbsp;</p>',NULL,NULL,'1',1,'Manhattan, New York, NY, USA','40.7830603','-73.97124880000001','',NULL,0,20,'W.57 & 9 Ave','','W.57 & 9 Ave','','US$',2800,'per month','','','',0,NULL,'','2019-01-14 03:59:56','2019-01-14 03:59:56'),(33,47,'7yLBfLRYVAEt6QkkOTaW98WEl23NKvCZaGvRQIPeAsqF0iRHBL','Upper East Side 1BR Fully Furnished','<p>Details:</p>\r\n\r\n<p>- Elevator and laundry in the building.</p>\r\n\r\n<p>- Live In super.</p>\r\n\r\n<p>- Utilities and cleaning not included on the rent.</p>\r\n\r\n<p>- No pets.</p>\r\n\r\n<p>&nbsp;</p>\r\n\r\n<p>DESCRIPTION</p>\r\n\r\n<p>&nbsp;</p>\r\n\r\n<p>THE APARTMENT</p>\r\n\r\n<p>- Very spacious and bright unit.</p>\r\n\r\n<p>- True one bedroom/ 1bathroom, separate living room, dining room, separate kitchen (Queen size bed)</p>\r\n\r\n<p>- Lots of closet space.</p>\r\n\r\n<p>- Wireless internet &amp; Flat screen TV, basic cable.&nbsp;<br />\r\n- Full size Kitchen with (Fully stocked), toaster, coffee maker, etc.</p>\r\n\r\n<p>- Pull out couch.</p>\r\n\r\n<p>- The apt faces the back of the building so is very quiet.</p>\r\n\r\n<p>&nbsp;</p>\r\n\r\n<p>LOCATION</p>\r\n\r\n<p>- Located on Upper East Side, 76th St and 2nd Ave.</p>\r\n\r\n<p>- Short walk to Central Park and the East River.</p>\r\n\r\n<p>- Steps to the subway (6 line).</p>\r\n\r\n<p>- Gristedes super market next door.&nbsp;</p>\r\n\r\n<p>- Next to all the shopping area as Zara, Diesel, Bloomingdales, American Apparel, H&amp;M etc.</p>\r\n\r\n<p>&nbsp;</p>',NULL,NULL,'1',1,'Manhattan, New York, NY, USA','40.7830603','-73.97124880000001','',NULL,0,11,'E. 76 & 2 Ave','','E. 76 & 2 Ave','','US$',2750,'per month','','','',0,NULL,'','2019-01-14 04:03:22','2019-01-14 04:03:22'),(34,47,'nY3QMnsLSc3MO00mb9uW2ntQJP8f4OQuxUSdzALxcrxxNthiIL','Midtown West 1BR Fully Furnished','<p>&nbsp;</p>\r\n\r\n<p>DETAILS:</p>\r\n\r\n<p>- Live in super.</p>\r\n\r\n<p>- Pets allow ($500 Pet fee).</p>\r\n\r\n<p>- Utilities and cleaning not included on the rent.</p>\r\n\r\n<p>- Elevator building.</p>\r\n\r\n<p>&nbsp;</p>\r\n\r\n<p>&nbsp;</p>\r\n\r\n<p>DESCRIPTION</p>\r\n\r\n<p>&nbsp;</p>\r\n\r\n<p>THE APARTMENT</p>\r\n\r\n<p>- Newly Renovated 1 bed. Apt.</p>\r\n\r\n<p>- High ceilings and lots of natural light.</p>\r\n\r\n<p>- Full size eat in Kitchen with (Fully stocked), coffee maker, toaster, etc.</p>\r\n\r\n<p>- Wireless internet &amp; Flat screen TV, basic cable.&nbsp;</p>\r\n\r\n<p>- Pull out couch.</p>\r\n\r\n<p>&nbsp;</p>\r\n\r\n<p>LOCATION</p>\r\n\r\n<p>- Located on 57th ST and 9th Ave.&nbsp;</p>\r\n\r\n<p>- One block to Columbus circle and two from Central Park.</p>\r\n\r\n<p>- Steps to the subway (1-A-B-C-D).</p>\r\n\r\n<p>- Walking distance to Time Square.</p>\r\n\r\n<p>&nbsp;</p>\r\n\r\n<p>&nbsp;</p>\r\n\r\n<p>&nbsp;</p>',NULL,NULL,'1',1,'Manhattan, New York, NY, USA','40.7830603','-73.97124880000001','',NULL,0,20,'W.58 & 9 Ave','','W.58 & 9 Ave','','US$',2950,'per month','','','',0,NULL,'','2019-01-14 04:08:35','2019-01-14 04:08:35'),(35,47,'49LjGLqSAU1Pu2iqhRFDyUdUu1ormrhrGJ1fftuTz3nv5zLl8t','Midtown East Studio Fully Furnished','<p>&nbsp;</p>\r\n\r\n<p>DETAILS:</p>\r\n\r\n<p>-Live in super</p>\r\n\r\n<p>-Pets allow (case by case) $500 fee.</p>\r\n\r\n<p>-Utilities and cleaning not included on the rent.</p>\r\n\r\n<p>&nbsp;</p>\r\n\r\n<p>&nbsp;</p>\r\n\r\n<p>DESCRIPTION</p>\r\n\r\n<p>&nbsp;</p>\r\n\r\n<p>THE APARTMENT</p>\r\n\r\n<p>- Lots of Natural Light.</p>\r\n\r\n<p>- Newly renovated.</p>\r\n\r\n<p>- Big studio apt with high ceilings.</p>\r\n\r\n<p>- Lots of closet space.</p>\r\n\r\n<p>- Separate full size kitchen (Fully stocked), coffee maker, toaster, etc.</p>\r\n\r\n<p>- Wireless internet &amp; Flat screen TV, basic cable.&nbsp;</p>\r\n\r\n<p>-Queen size bed.</p>\r\n\r\n<p>&nbsp;</p>\r\n\r\n<p>&nbsp;</p>\r\n\r\n<p>LOCATION</p>\r\n\r\n<p>- Located on 30th ST and 2nd Ave.</p>\r\n\r\n<p>- Steps from the subway (6 line).</p>\r\n\r\n<p>- Very close to the farmer market at Union Square, Whole Foods and lots of restaurant on 3rd Ave.</p>\r\n\r\n<p>- Across street from Fairway and movie theater.</p>\r\n\r\n<p>&nbsp;</p>\r\n\r\n<p>&nbsp;</p>\r\n\r\n<p>.</p>\r\n\r\n<p>&nbsp;</p>',NULL,NULL,'studio',1,'Manhattan, New York, NY, USA','40.7830603','-73.97124880000001','',NULL,0,17,'E. 44 & 2 Ave','','E. 44 & 2 Ave','','US$',2850,'per month','','','',0,NULL,'','2019-01-14 04:12:25','2019-01-14 04:12:25');
/*!40000 ALTER TABLE `property_managements` ENABLE KEYS */;
UNLOCK TABLES;

--
-- Table structure for table `reviews`
--

DROP TABLE IF EXISTS `reviews`;
/*!40101 SET @saved_cs_client     = @@character_set_client */;
 SET character_set_client = utf8mb4 ;
CREATE TABLE `reviews` (
  `id` int(11) NOT NULL AUTO_INCREMENT,
  `user_id` varchar(255) COLLATE utf8_unicode_ci NOT NULL,
  `name` varchar(255) COLLATE utf8_unicode_ci DEFAULT NULL,
  `rating` float(10,2) NOT NULL,
  `review` text CHARACTER SET utf8mb4,
  `apartment` int(11) NOT NULL,
  `created_at` timestamp NOT NULL DEFAULT CURRENT_TIMESTAMP ON UPDATE CURRENT_TIMESTAMP,
  `updated_at` timestamp NOT NULL DEFAULT '0000-00-00 00:00:00',
  PRIMARY KEY (`id`)
) ENGINE=MyISAM AUTO_INCREMENT=4 DEFAULT CHARSET=utf8 COLLATE=utf8_unicode_ci;
/*!40101 SET character_set_client = @saved_cs_client */;

--
-- Dumping data for table `reviews`
--

LOCK TABLES `reviews` WRITE;
/*!40000 ALTER TABLE `reviews` DISABLE KEYS */;
INSERT INTO `reviews` VALUES (1,'172eef0acfb3b4e8','sabyasachi saha',5.00,'good property',4,'2018-12-21 12:38:11','2018-12-21 12:38:11'),(2,'172eef0acfb3b4e8','hdhe',2.50,'h',4,'2018-12-21 12:38:45','2018-12-21 12:38:45'),(3,'172eef0acfb3b4e8','as',5.00,'ss',18,'2019-01-04 06:44:58','2019-01-04 06:44:58');
/*!40000 ALTER TABLE `reviews` ENABLE KEYS */;
UNLOCK TABLES;

--
-- Table structure for table `smtps`
--

DROP TABLE IF EXISTS `smtps`;
/*!40101 SET @saved_cs_client     = @@character_set_client */;
 SET character_set_client = utf8mb4 ;
CREATE TABLE `smtps` (
  `id` int(11) NOT NULL AUTO_INCREMENT,
  `user_id` int(11) NOT NULL,
  `mail_host` varchar(255) COLLATE utf8_unicode_ci NOT NULL,
  `mail_port` varchar(255) COLLATE utf8_unicode_ci NOT NULL,
  `mail_username` varchar(255) COLLATE utf8_unicode_ci NOT NULL,
  `mail_password` varchar(255) COLLATE utf8_unicode_ci NOT NULL,
  `mail_encryption` varchar(255) COLLATE utf8_unicode_ci NOT NULL,
  `created_at` timestamp NOT NULL DEFAULT CURRENT_TIMESTAMP ON UPDATE CURRENT_TIMESTAMP,
  `updated_at` timestamp NOT NULL DEFAULT '0000-00-00 00:00:00',
  PRIMARY KEY (`id`)
) ENGINE=MyISAM AUTO_INCREMENT=5 DEFAULT CHARSET=utf8 COLLATE=utf8_unicode_ci;
/*!40101 SET character_set_client = @saved_cs_client */;

--
-- Dumping data for table `smtps`
--

LOCK TABLES `smtps` WRITE;
/*!40000 ALTER TABLE `smtps` DISABLE KEYS */;
INSERT INTO `smtps` VALUES (1,2,'gator4196.hostgator.com','465','tasktalent@technoxponent.com','w8ThTS-K5W(D','ssl','2018-11-20 05:15:34','2018-11-20 11:15:34'),(3,46,'vps42791.inmotionhosting.com','465','admin@socialfroggy.com','fTKu[aUe&1nI','ssl','2018-11-20 18:43:56','2018-11-20 18:43:56'),(4,40,'vps42791.inmotionhosting.com','465','admin@socialfroggy.com','fTKu[aUe&1nI','ssl','2018-11-20 20:53:12','2018-11-20 20:53:12');
/*!40000 ALTER TABLE `smtps` ENABLE KEYS */;
UNLOCK TABLES;

--
-- Table structure for table `users`
--

DROP TABLE IF EXISTS `users`;
/*!40101 SET @saved_cs_client     = @@character_set_client */;
 SET character_set_client = utf8mb4 ;
CREATE TABLE `users` (
  `id` int(10) unsigned NOT NULL AUTO_INCREMENT,
  `verifyToken` varchar(255) COLLATE utf8mb4_unicode_ci DEFAULT NULL,
  `email` varchar(255) COLLATE utf8mb4_unicode_ci NOT NULL,
  `first_name` varchar(255) COLLATE utf8mb4_unicode_ci NOT NULL,
  `last_name` varchar(255) COLLATE utf8mb4_unicode_ci DEFAULT NULL,
  `phone_number_code` varchar(5) COLLATE utf8mb4_unicode_ci DEFAULT NULL,
  `phone_number` varchar(50) COLLATE utf8mb4_unicode_ci DEFAULT NULL,
  `password` varchar(255) COLLATE utf8mb4_unicode_ci DEFAULT NULL,
  `type` tinyint(4) NOT NULL DEFAULT '1' COMMENT '1 = Customer, 2 = admin',
  `login_type` tinyint(4) NOT NULL DEFAULT '1' COMMENT '1 = Normal, 2 = Facebook, 3 = Google',
  `is_active` enum('Y','N','B') COLLATE utf8mb4_unicode_ci NOT NULL DEFAULT 'Y' COMMENT 'Y = Active, N = Not Active, B=block',
  `profile_picture` varchar(255) COLLATE utf8mb4_unicode_ci DEFAULT NULL,
  `language_id` int(10) unsigned DEFAULT NULL,
  `country_id` int(10) unsigned DEFAULT NULL,
  `remember_token` varchar(255) COLLATE utf8mb4_unicode_ci DEFAULT NULL,
  `api_token` varchar(255) COLLATE utf8mb4_unicode_ci DEFAULT NULL,
  `device` varchar(255) COLLATE utf8mb4_unicode_ci DEFAULT NULL,
  `created_at` timestamp NULL DEFAULT NULL,
  `updated_at` timestamp NULL DEFAULT NULL,
  PRIMARY KEY (`id`)
) ENGINE=InnoDB AUTO_INCREMENT=82 DEFAULT CHARSET=utf8mb4 COLLATE=utf8mb4_unicode_ci;
/*!40101 SET character_set_client = @saved_cs_client */;

--
-- Dumping data for table `users`
--

LOCK TABLES `users` WRITE;
/*!40000 ALTER TABLE `users` DISABLE KEYS */;
INSERT INTO `users` VALUES (1,NULL,'admin@admin.com','Admin','Admin',NULL,NULL,'$2y$10$Qw9E7VGCPdioU9IYzpjWjuTPTVMFxw7eVTdQ1J.YC5YyigmBDWgvu',2,1,'Y',NULL,NULL,NULL,'CaDeLidRSvosqVj8qsjBLP7Cx09CY1JoaWy2tzs0j7WgMTafQ4kHx1jF5Ld5','',NULL,NULL,NULL),(2,NULL,'subhamay@technoexponent.com','Subhamay','Paul',NULL,NULL,'$2y$10$9baTyXkV6.cMJ5lDLRza5OsJm5OEohO1wYdUmPuzQ0lTWaOwiE1um',3,1,'Y',NULL,NULL,NULL,'iMNaKpgTIjEexzPD8LiYhJOT3SJX0XQ72lWl3sCpBXYv3YOqr71WNMarxGb0','GMODOL0OGkftTcLUikhP6hsJZ9Vx4fiuosAS2NZFSK0if4uFvuIRRkcuPpdi','001e43bba852d6f6','2018-10-10 13:17:56','2019-01-27 03:09:32'),(4,NULL,'pabitra@technoexponent.com','Pabitra','Mandal',NULL,NULL,'$2y$10$PtGe.vp8VYjNzkZrvSBk.up3BkI1nMlRZeJ2t1D0zw9vMHwDOrlCG',3,1,'B',NULL,NULL,NULL,'BenzaUEbCXMdmfyFQx2y0RhmyDy8IJMDA1ptVyckCSp0DdgSJxG8MpgLQBVt','eZTgsOea0k9C2YPipx2f3tx8VjY7DxarwxTAwDkN1meCugD9Mk22ipaPHI5X',NULL,'2018-10-10 14:28:40','2018-10-15 17:25:16'),(5,NULL,'rahulpatra@yopmail.com','Rahul','Patra',NULL,NULL,'$2y$10$.5.Rnhcm5tjvw1FyEkJO8uR9OoJ1hMifi78d4FTuTT8YLUcERZ2sa',3,1,'Y',NULL,NULL,NULL,'4fTAJYVDbClQZ346qAZz4jGU2VKi7whk1l2v4BdBcV7bCHquFtEkwEJ0N54T','',NULL,'2018-10-11 11:24:37','2018-10-12 12:09:55'),(35,NULL,'avi@yopmail.com','Avik','Roy',NULL,NULL,'$2y$10$/BpxionfBkDky/uSahrgPOFK2Jw.f28AlzEnbqk7cWJ2PbK0U1XiK',3,1,'Y',NULL,NULL,NULL,'yZTkvLJ3coaYzUawQFhGqRFdMve3wvLhmjTpB8Zr7IERDrOnnSBEkY1IaTcx','',NULL,'2018-10-11 18:04:53','2018-10-12 10:36:55'),(37,NULL,'rahul.p@yopmail.com','Rahul','Patra',NULL,'9123670576','$2y$10$G75MmEnrSUXXfrK267V4nOZBRkJh0IVnCpDIrV148MfYjV0vZRXTW',3,1,'Y',NULL,NULL,NULL,'5Ezm0NaSjef0LcEVF4R8Zh66BhRnMMAIGvjyhsOXuOxSGbbWzVEC3wTZB6R5','',NULL,'2018-10-12 10:38:15','2018-10-13 11:25:42'),(38,NULL,'prosenjit@yopmail.com','Prosenjit','Das',NULL,NULL,'$2y$10$Ex6L3IAA5jIp/57rxfwkte9jaB6eSgjPgMrru52qyZUP1L8iSCdsC',3,1,'Y',NULL,NULL,NULL,'ipmwmKqc7nrn1B828IddWqlJ8h59drHlly7BVcHc5677Nhw7f6WZoTIHqAdL','HblnkL618Tr1Dte5U6ezlu3OAw7RD0C3AAW1VRsm7h78oJtMypxhnEm9ZcEA',NULL,'2018-10-12 12:24:46','2018-10-22 18:12:03'),(40,NULL,'sabyasachi@yopmail.com','SS Sabyasachi','Saha',NULL,'sabyasachi','$2y$10$akv7e8rlkKvCJT97UVaRleoempmSyYj/m4Mze7tCXc19HGEJnrajO',3,1,'Y',NULL,NULL,NULL,'h81sYMtzwjYLGCEi8pvrGOJlEPKdfqFuOnoqwwmRyj2Chj0FgEvYxacGK4WS','klAgDtLlfuDsJHYVqDcP6J6soHLRcx2sMDEf1UWUJzF2dwnr56rPxUiAMeq3','3380bbbe6867961d','2018-10-13 10:48:45','2018-12-21 12:24:05'),(41,NULL,'arp@yopmail.com','Arup','Ray',NULL,NULL,'$2y$10$KVEUXcg7rxM5d5whaWN4c.pbcUm2gvTP6909X5/Ao1HNhE/rbCjcW',3,1,'Y',NULL,NULL,NULL,'J6X2aXkexSh4ZE9dsQtul2cfwkdd6ZG1JqW9VuCPX10zt0l31PbfVFNGU4hU',NULL,NULL,'2018-10-23 17:08:34','2018-10-23 17:09:38'),(42,NULL,'anp@yopmail.com','Anup','Sen',NULL,NULL,'$2y$10$WG5PN2cU59iCVzqPO.bIe.Fq73KBK0HhR8NrZp09CRkKQoCqI0IKu',3,1,'Y',NULL,NULL,NULL,'mzPG5s2DI2puGSDFAfLdLlKwuhkKB56XYlLRvxWGCIxFm79WwpVYTFDh5tZG',NULL,NULL,'2018-10-23 17:10:36','2018-10-23 17:10:52'),(44,NULL,'arun@yopmail.com','Arun','Das',NULL,NULL,'$2y$10$fic1/FndChmQkq1qis8R0uchfgKMXPLm6LIiz3ucN5e5ARpfNuIbW',3,1,'Y',NULL,NULL,NULL,'6m4RSzi9TGfJRU7I8lFP8AgL9fc3rRwEh5qTD6dbjlQ98JekPeyyFWIItnr1',NULL,NULL,'2018-10-23 17:18:51','2018-10-23 17:21:30'),(47,'RTAyxKqFSkFuhBqmQgEO0JvhskjT4USE5OokGQ0HdKTWHLX8fW7tHdw7kUn9','mikemmapt@gmail.com','Michael','Nisanov',NULL,'6465256769','$2y$10$VRHiu9cRw4xapmal3HqkRODUGY.54baBJkg9/O1PYVvwgz1MPmba.',3,1,'Y',NULL,NULL,NULL,'hex2W9N6o94A28m0EFOVRqWdliKECVPqy8ClrzLcq1HZ5t1n1W0xXXy1wnDg','sFsjWSjbUVERISogjg5ycEPOqOPvhaXGjVHDWow9PPuoTYFINASnFNdoXpaU','fe25eef53b52b523','2018-10-25 19:31:55','2019-03-11 21:33:21'),(48,'ZYJeVnPaUXLeUwhTKUKGzaTKCXga1ZLnOe6FnsF5Nyz41DGfljhGlGmTPwYB','soumen.adhikari@technoexponent.com','Soumen','Adhikari',NULL,'1236547890','$2y$10$oTWVf0Cc362o5HZm1Wi0AevDPkKRwM6QCU86GPN6PLMpasNuXC./i',3,1,'Y',NULL,NULL,NULL,NULL,'t8OV2x9WyCUIsKAqHPkE4Pdrij0MXGYpf1LEECM7vypHsAiBxaISmQn5MRnx','172eef0acfb3b4e8','2018-11-02 13:03:22','2018-12-21 13:04:26'),(49,NULL,'art@yopmail.com','Arit','Deb',NULL,NULL,'$2y$10$Rtn7/GGsMRJAXkMFOGg5Mer853tMOViQ8VDuvZToFhsC8fLlJSGkq',3,1,'Y',NULL,NULL,NULL,NULL,NULL,NULL,'2018-11-20 17:07:35','2018-11-20 17:07:55'),(50,'8iJ7quSrUaLEzmRyaFXL5yHaCanS2eD9GZZkvrGVXcKUnjJJNk1oX0gf6P9d','ashk@yopmail.com','Ashok','Dey',NULL,NULL,'$2y$10$0ViGbJ66aGvP0Q5ugMRu5Ou7ixTujF9wo4qA21iTtt716JvHVJC3C',3,1,'N',NULL,NULL,NULL,NULL,NULL,NULL,'2018-11-20 19:11:18','2018-11-20 19:11:18'),(77,NULL,'subhamay@yopmail.com','Subhamay','Paul',NULL,NULL,'$2y$10$NqQIqvJ2SbnJaLiRZJ/F8uOlj.COq/rkZxGydgml5e5pNv2hiJBuy',3,1,'Y',NULL,NULL,NULL,NULL,'69ftoYkVLxM3wnxzyZfKjgQ6wtAmjhhgddrTX7HiZbPJOnCFVgg96lw9qjxS',NULL,'2018-12-06 07:25:04','2018-12-06 11:29:41'),(78,NULL,'sabyasachi121@yopmail.com','Sabyasachi','Saha',NULL,NULL,'$2y$10$RLYwlvf59U0HYnvaWBgZDOzpzOMV0B0Z5XtERgtK/PHYBzgZSTS22',3,1,'Y',NULL,NULL,NULL,NULL,'e94XwAuJ14x7okoZ5yavpNbPtNL8VNMaWjMR9aUL6ugUnqzPa0IB3d15nE6Q',NULL,'2018-12-06 12:15:45','2018-12-06 15:25:23'),(80,NULL,'arjn@yopmail.com','Arjun','Ray',NULL,NULL,'$2y$10$e3XV9Pwh.IzI6NJrt5Vu3OcVlWc8rTkzxN6zHSUn46NMO47GiaewC',3,1,'Y',NULL,NULL,NULL,NULL,NULL,NULL,'2018-12-07 06:40:12','2018-12-07 06:40:12'),(81,NULL,'prosenjit@technoexponent.com','Prosenjit','Das',NULL,NULL,'$2y$10$2rOTinSTOGrHEehfrR..aeWALWn1AB/skDYdrhv9wVKkGsublPKE2',3,1,'Y',NULL,NULL,NULL,NULL,'EVtzjGDeJjtbppms2hWAOj8XcDw6yOOq2NxDI5wqehfAtFp96O2eBsY4nwkv','172eef0acfb3b4e8','2019-01-03 16:02:19','2019-01-03 16:14:35');
/*!40000 ALTER TABLE `users` ENABLE KEYS */;
UNLOCK TABLES;
SET @@SESSION.SQL_LOG_BIN = @MYSQLDUMP_TEMP_LOG_BIN;
/*!40103 SET TIME_ZONE=@OLD_TIME_ZONE */;

/*!40101 SET SQL_MODE=@OLD_SQL_MODE */;
/*!40014 SET FOREIGN_KEY_CHECKS=@OLD_FOREIGN_KEY_CHECKS */;
/*!40014 SET UNIQUE_CHECKS=@OLD_UNIQUE_CHECKS */;
/*!40101 SET CHARACTER_SET_CLIENT=@OLD_CHARACTER_SET_CLIENT */;
/*!40101 SET CHARACTER_SET_RESULTS=@OLD_CHARACTER_SET_RESULTS */;
/*!40101 SET COLLATION_CONNECTION=@OLD_COLLATION_CONNECTION */;
/*!40111 SET SQL_NOTES=@OLD_SQL_NOTES */;

-- Dump completed on 2019-09-09 18:49:08
